Name,Fecha,TipoInvestigacion,TipoPredio,Estado,Barrio,Estrato,AreaPrivada,AreaLote,ValorComercial,ValorM2,Longitud,Latitud,ANIO,MES,DIA
181451.0,14-01-2022,VENTA,APARTAMENTO,USADO,BOMBONA # 1,3.0,177,41,370000000.0,2090395.0,-75.56157993,6.24319669,2022,1,14
181452.0,14-01-2022,VENTA,APARTAMENTO,USADO,BOMBONA # 1,4.0,104,15,390000000.0,3750000.0,-75.56196249,6.24351282,2022,1,14
181456.0,14-01-2022,VENTA,APARTAMENTO,USADO,BOSTON,4.0,188,32,350000000.0,1861702.0,-75.56000993,6.24931447,2022,1,14
181466.0,17-01-2022,VENTA,APARTAMENTO,USADO,BOSTON,4.0,150,92,230000000.0,1533333.0,-75.55802651,6.24946633,2022,1,17
181558.0,19-01-2022,VENTA,APARTAMENTO,USADO,PRADO,4.0,167,71,300000000.0,1796407.0,-75.56188185,6.26222026,2022,1,19
181570.0,19-01-2022,VENTA,APARTAMENTO,USADO,PRADO,4.0,146,58,350000000.0,2397260.0,-75.56313921,6.26112071,2022,1,19
181573.0,19-01-2022,VENTA,APARTAMENTO,USADO,TEJELO,3.0,142,30,350000000.0,2464789.0,-75.56772297,6.30498407,2022,1,19
181576.0,19-01-2022,VENTA,APARTAMENTO,USADO,PRADO,4.0,177,74,430000000.0,2429379.0,-75.56108306,6.26336977,2022,1,19
181577.0,19-01-2022,VENTA,APARTAMENTO,USADO,PRADO,4.0,101,43,300000000.0,2970297.0,-75.56108306,6.26336977,2022,1,19
181580.0,20-01-2022,VENTA,APARTAMENTO,USADO,PRADO,4.0,316,87,480000000.0,1518987.0,-75.56279992,6.26108384,2022,1,20
181585.0,20-01-2022,VENTA,APARTAMENTO,USADO,PRADO,4.0,107,26,270000000.0,2523364.0,-75.56148789,6.25818091,2022,1,20
181588.0,20-01-2022,VENTA,APARTAMENTO,USADO,ARANJUEZ,3.0,78,38,240000000.0,3076923.0,-75.55867479,6.27890527,2022,1,20
181593.0,20-01-2022,VENTA,APARTAMENTO,USADO,SAN MIGUEL,4.0,30,3,130000000.0,4333333.0,-75.55995155,6.25664162,2022,1,20
181595.0,20-01-2022,VENTA,APARTAMENTO,USADO,LOS ANGELES,4.0,127,50,380000000.0,2992126.0,-75.56085046,6.25456009,2022,1,20
181596.0,20-01-2022,VENTA,APARTAMENTO,USADO,PRADO,4.0,339,217,600000000.0,1769912.0,-75.55935726,6.25832163,2022,1,20
181597.0,20-01-2022,VENTA,APARTAMENTO,USADO,PRADO,5.0,56,13,200000000.0,3571429.0,-75.56336837,6.25825754,2022,1,20
181600.0,20-01-2022,VENTA,APARTAMENTO,USADO,PRADO,4.0,104,36,230000000.0,2211538.0,-75.5606675,6.26034388,2022,1,20
181601.0,20-01-2022,VENTA,APARTAMENTO,USADO,MANRIQUE CENTRAL # 1,3.0,300,188,400000000.0,1333333.0,-75.55653675,6.26486996,2022,1,20
181602.0,20-01-2022,VENTA,APARTAMENTO,USADO,MANRIQUE CENTRAL # 1,3.0,280,138,380000000.0,1357143.0,-75.55653675,6.26486996,2022,1,20
181605.0,20-01-2022,VENTA,APARTAMENTO,USADO,PRADO,3.0,137,51,196000000.0,1430657.0,-75.55976952,6.26265048,2022,1,20
181606.0,20-01-2022,VENTA,APARTAMENTO,NUEVO,CALASANZ,6.0,110,0,500000000.0,4545455.0,-75.5988238,6.26045019,2022,1,20
181607.0,20-01-2022,VENTA,APARTAMENTO,USADO,PRADO,3.0,137,46,177155000.0,1293102.0,-75.55976952,6.26265048,2022,1,20
181608.0,20-01-2022,VENTA,APARTAMENTO,USADO,PRADO,4.0,245,46,176660000.0,721061.0,-75.55976952,6.26265048,2022,1,20
181610.0,20-01-2022,VENTA,APARTAMENTO,USADO,SAN JAVIER # 2,3.0,34,13,145000000.0,4264706.0,-75.61382188,6.25814948,2022,1,20
181613.0,20-01-2022,VENTA,APARTAMENTO,USADO,PRADO,4.0,123,38,360000000.0,2926829.0,-75.56354213,6.2572797,2022,1,20
181614.0,20-01-2022,VENTA,APARTAMENTO,USADO,CALASANZ,5.0,260,151,1300000000.0,5000000.0,-75.59815845,6.26485704,2022,1,20
181615.0,20-01-2022,VENTA,APARTAMENTO,USADO,SAN JAVIER # 2,3.0,37,10,165000000.0,4459459.0,-75.61280229,6.25680228,2022,1,20
181616.0,20-01-2022,VENTA,APARTAMENTO,USADO,PRADO,4.0,91,37,198000000.0,2175824.0,-75.56159913,6.25659699,2022,1,20
181625.0,20-01-2022,VENTA,APARTAMENTO,USADO,MANRIQUE CENTRAL # 2,3.0,61,30,183000000.0,3000000.0,-75.55544147,6.26194541,2022,1,20
181626.0,21-01-2022,VENTA,APARTAMENTO,USADO,CALASANZ PARTE ALTA,5.0,73,27,310000000.0,4246575.0,-75.60194451,6.26594479,2022,1,21
181628.0,21-01-2022,VENTA,APARTAMENTO,NUEVO,CALASANZ,5.0,120,321,520000000.0,4333333.0,-75.59845571,6.26472813,2022,1,21
181629.0,21-01-2022,VENTA,APARTAMENTO,NUEVO,CALASANZ,5.0,120,321,540000000.0,4500000.0,-75.59845571,6.26472813,2022,1,21
181630.0,21-01-2022,VENTA,APARTAMENTO,USADO,CALASANZ,5.0,50,8,240000000.0,4800000.0,-75.59963377,6.26382478,2022,1,21
181631.0,21-01-2022,VENTA,APARTAMENTO,USADO,CALASANZ,5.0,27,0,220000000.0,8148148.0,-75.59919766,6.26128944,2022,1,21
181633.0,21-01-2022,VENTA,APARTAMENTO,USADO,LA FLORESTA,5.0,179,115,420000000.0,2346369.0,-75.59856936,6.25804036,2022,1,21
181634.0,21-01-2022,VENTA,APARTAMENTO,USADO,LA FLORESTA,5.0,220,122,440000000.0,2000000.0,-75.59856936,6.25804036,2022,1,21
181635.0,21-01-2022,VENTA,APARTAMENTO,USADO,EL ESTADIO,5.0,244,97,660000000.0,2704918.0,-75.59668037,6.26050806,2022,1,21
181638.0,21-01-2022,VENTA,APARTAMENTO,USADO,LOS COLORES,5.0,240,135,540000000.0,2250000.0,-75.59486543,6.26685429,2022,1,21
181639.0,21-01-2022,VENTA,APARTAMENTO,NUEVO,BARRIO DE JESUS,3.0,54,22,220000000.0,4074074.0,-75.53768255,6.22787872,2022,1,21
181641.0,21-01-2022,VENTA,APARTAMENTO,USADO,LOS COLORES,4.0,127,73,430000000.0,3385827.0,-75.59421647,6.26678606,2022,1,21
181642.0,21-01-2022,VENTA,APARTAMENTO,NUEVO,LA FLORESTA,4.0,55,9,245000000.0,4454545.0,-75.59934643,6.25703219,2022,1,21
181643.0,21-01-2022,VENTA,APARTAMENTO,NUEVO,LA FLORESTA,4.0,53,9,256000000.0,4830189.0,-75.59934643,6.25703219,2022,1,21
181644.0,21-01-2022,VENTA,APARTAMENTO,USADO,CALASANZ PARTE ALTA,4.0,88,31,270000000.0,3068182.0,-75.60139606,6.26667413,2022,1,21
181645.0,21-01-2022,VENTA,APARTAMENTO,USADO,LOS COLORES,5.0,117,38,380000000.0,3247863.0,-75.59552992,6.26525275,2022,1,21
181646.0,21-01-2022,VENTA,APARTAMENTO,USADO,ZONA DE EXPANSION BELEN RINCON,3.0,52,31,170000000.0,3269231.0,-75.60649715,6.21106317,2022,1,21
181647.0,21-01-2022,VENTA,APARTAMENTO,USADO,LOMA DE LOS BERNAL,5.0,57,26,175000000.0,3070175.0,-75.60170974,6.21573896,2022,1,21
181648.0,21-01-2022,VENTA,APARTAMENTO,USADO,SANTA LUCIA,3.0,38,12,160000000.0,4210526.0,-75.60422505,6.25883274,2022,1,21
181650.0,24-01-2022,VENTA,APARTAMENTO,USADO,LA GLORIA,4.0,140,74,340000000.0,2428571.0,-75.59787848,6.22308073,2022,1,24
181653.0,24-01-2022,VENTA,APARTAMENTO,USADO,SAN BERNARDO,3.0,123,48,320000000.0,2601626.0,-75.59669018,6.22390923,2022,1,24
181655.0,24-01-2022,VENTA,APARTAMENTO,USADO,SIMON BOLIVAR,5.0,134,0,480000000.0,3582090.0,-75.60681999,6.24571239,2022,1,24
181657.0,24-01-2022,VENTA,APARTAMENTO,USADO,FATIMA,4.0,110,93,320000000.0,2909091.0,-75.58549096,6.237419,2022,1,24
181666.0,24-01-2022,VENTA,APARTAMENTO,USADO,BARRIO CRISTOBAL,3.0,50,0,160000000.0,3200000.0,-75.6080587,6.25049915,2022,1,24
181681.0,24-01-2022,VENTA,APARTAMENTO,USADO,SANTA MONICA,4.0,135,0,460000000.0,3407407.0,-75.61248074,6.24677213,2022,1,24
181691.0,24-01-2022,VENTA,APARTAMENTO,USADO,PEDREGAL,3.0,85,0,198000000.0,2329412.0,-75.57394774,6.30013858,2022,1,24
181711.0,25-01-2022,VENTA,APARTAMENTO,USADO,LA ESPERANZA,3.0,75,0,112000000.0,1493333.0,-75.5765223,6.28874882,2022,1,25
181717.0,25-01-2022,VENTA,APARTAMENTO,USADO,LOS ANGELES,3.0,169,65,270000000.0,1597633.0,-75.5589572,6.25162943,2022,1,25
181720.0,26-01-2022,VENTA,APARTAMENTO,USADO,LOS COLORES,5.0,105,0,250000000.0,2380952.0,-75.59563556,6.26694766,2022,1,26
181722.0,26-01-2022,VENTA,APARTAMENTO,USADO,LAURELES,5.0,250,95,660000000.0,2640000.0,-75.59817252,6.24729263,2022,1,26
181723.0,26-01-2022,VENTA,APARTAMENTO,USADO,LAURELES,5.0,98,0,380000000.0,3877551.0,-75.59913895,6.2437294,2022,1,26
181725.0,26-01-2022,VENTA,APARTAMENTO,USADO,PRADO,4.0,157,77,310000000.0,1974522.0,-75.55947869,6.25937418,2022,1,26
181729.0,26-01-2022,VENTA,APARTAMENTO,USADO,KENNEDY,2.0,73,24,150000000.0,2054795.0,-75.58237579,6.28883164,2022,1,26
181740.0,26-01-2022,VENTA,APARTAMENTO,USADO,PRADO,4.0,232,150,400000000.0,1724138.0,-75.55935726,6.25832163,2022,1,26
181744.0,26-01-2022,VENTA,APARTAMENTO,USADO,LA MANSION,3.0,111,75,250000000.0,2252252.0,-75.55543647,6.25842505,2022,1,26
181745.0,26-01-2022,VENTA,APARTAMENTO,USADO,SAN MIGUEL,3.0,73,24,230000000.0,3150685.0,-75.55572648,6.25598211,2022,1,26
181752.0,26-01-2022,VENTA,APARTAMENTO,NUEVO,LOS ANGELES,4.0,37,23,126000000.0,3405405.0,-75.55678876,6.25289748,2022,1,26
181753.0,26-01-2022,VENTA,APARTAMENTO,USADO,PRADO,3.0,149,174,320000000.0,2147651.0,-75.55795875,6.26084774,2022,1,26
181754.0,26-01-2022,VENTA,APARTAMENTO,NUEVO,LOS ANGELES,4.0,42,27,144000000.0,3428571.0,-75.55678876,6.25289748,2022,1,26
181760.0,26-01-2022,VENTA,APARTAMENTO,NUEVO,LOS ANGELES,4.0,80,255,250000000.0,3125000.0,-75.55873424,6.25383321,2022,1,26
181762.0,26-01-2022,VENTA,APARTAMENTO,NUEVO,LOS ANGELES,4.0,65,255,220000000.0,3384615.0,-75.55873424,6.25383321,2022,1,26
181772.0,27-01-2022,VENTA,APARTAMENTO,USADO,LOS ANGELES,4.0,290,98,510000000.0,1758621.0,-75.5577463,6.25249513,2022,1,27
181780.0,27-01-2022,VENTA,APARTAMENTO,USADO,LOS ANGELES,4.0,127,31,380000000.0,2992126.0,-75.56093152,6.25460052,2022,1,27
181785.0,27-01-2022,VENTA,APARTAMENTO,USADO,SAN DIEGO,4.0,136,76,420000000.0,3088235.0,-75.5683249,6.2328912,2022,1,27
181788.0,27-01-2022,VENTA,APARTAMENTO,USADO,BOSTON,4.0,166,17,360000000.0,2168675.0,-75.56230039,6.24800214,2022,1,27
181789.0,27-01-2022,VENTA,APARTAMENTO,USADO,FATIMA,4.0,110,30,450000000.0,4090909.0,-75.58592686,6.23574597,2022,1,27
181790.0,27-01-2022,VENTA,APARTAMENTO,USADO,ZONA EXPANSION SAN ANTONIO,3.0,62,68,180000000.0,2903226.0,-75.65161916,6.17885975,2022,1,27
181795.0,27-01-2022,VENTA,APARTAMENTO,USADO,BOSTON,4.0,95,27,300000000.0,3157895.0,-75.55710739,6.24896291,2022,1,27
181796.0,27-01-2022,VENTA,APARTAMENTO,USADO,LAURELES,5.0,111,37,465000000.0,4189189.0,-75.59793072,6.24451376,2022,1,27
181797.0,27-01-2022,VENTA,APARTAMENTO,USADO,BOSTON,4.0,101,33,260000000.0,2574257.0,-75.55571463,6.2496123,2022,1,27
181798.0,27-01-2022,VENTA,APARTAMENTO,USADO,LAS MERCEDES,4.0,70,48,260000000.0,3714286.0,-75.61188939,6.23587697,2022,1,27
181799.0,27-01-2022,VENTA,APARTAMENTO,USADO,LA MANSION,3.0,92,52,250000000.0,2717391.0,-75.55538038,6.25834459,2022,1,27
181800.0,27-01-2022,VENTA,APARTAMENTO,USADO,EL DIAMANTE # 2,6.0,194,221,590000000.0,3041237.0,-75.57120891,6.18468289,2022,1,27
181801.0,27-01-2022,VENTA,APARTAMENTO,NUEVO,LOS ANGELES,5.0,74,27,290000000.0,3918919.0,-75.55850345,6.25238919,2022,1,27
181802.0,27-01-2022,VENTA,APARTAMENTO,USADO,BOSTON,4.0,57,11,180000000.0,3157895.0,-75.55753951,6.24610613,2022,1,27
181804.0,27-01-2022,VENTA,APARTAMENTO,USADO,VILLA NUEVA,4.0,133,18,300000000.0,2255639.0,-75.5641131,6.25196055,2022,1,27
181806.0,27-01-2022,VENTA,APARTAMENTO,USADO,LOS BALSOS # 1,6.0,200,121,920000000.0,4600000.0,-75.56715892,6.19100643,2022,1,27
181811.0,27-01-2022,VENTA,APARTAMENTO,USADO,LAURELES,5.0,105,34,430000000.0,4095238.0,-75.59563652,6.23978871,2022,1,27
181812.0,27-01-2022,VENTA,APARTAMENTO,USADO,BARRIO CRISTOBAL,3.0,46,12,160000000.0,3478261.0,-75.6080587,6.25049915,2022,1,27
181821.0,27-01-2022,VENTA,APARTAMENTO,USADO,LOS ANGELES,4.0,188,56,350000000.0,1861702.0,-75.5566833,6.25169988,2022,1,27
181828.0,27-01-2022,VENTA,APARTAMENTO,USADO,LOS ANGELES,4.0,294,108,380000000.0,1292517.0,-75.56098585,6.25464486,2022,1,27
181849.0,27-01-2022,VENTA,APARTAMENTO,USADO,BOSTON,4.0,272,11,600000000.0,2205882.0,-75.55542109,6.24929171,2022,1,27
181861.0,28-01-2022,VENTA,APARTAMENTO,USADO,CALASANZ,5.0,50,8,245000000.0,4900000.0,-75.59963377,6.26382478,2022,1,28
181888.0,28-01-2022,VENTA,APARTAMENTO,USADO,SANTA MONICA,4.0,136,88,450000000.0,3308824.0,-75.61478859,6.24575078,2022,1,28
181893.0,11-02-2022,VENTA,APARTAMENTO,USADO,LOS ALCAZARES,3.0,101,55,280000000.0,2772277.0,-75.60521556,6.26038968,2022,2,11
181901.0,14-02-2022,VENTA,APARTAMENTO,USADO,FLORIDA NUEVA,4.0,140,0,495000000.0,3535714.0,-75.59141168,6.25141098,2022,2,14
181903.0,14-02-2022,VENTA,APARTAMENTO,USADO,FLORIDA NUEVA,4.0,91,0,410000000.0,4505495.0,-75.59324454,6.25152369,2022,2,14
181904.0,15-02-2022,VENTA,APARTAMENTO,USADO,EL ESTADIO,4.0,200,62,490000000.0,2450000.0,-75.59092236,6.26054193,2022,2,15
181906.0,15-02-2022,VENTA,APARTAMENTO,USADO,EL VELODROMO,5.0,136,56,340000000.0,2500000.0,-75.59448312,6.25393638,2022,2,15
181909.0,15-02-2022,VENTA,APARTAMENTO,USADO,LA FLORESTA,3.0,199,90,400000000.0,2010050.0,-75.60356321,6.25410373,2022,2,15
181911.0,15-02-2022,VENTA,APARTAMENTO,USADO,LA AMERICA,4.0,164,86,490000000.0,2987805.0,-75.60405317,6.25343279,2022,2,15
181912.0,15-02-2022,VENTA,APARTAMENTO,USADO,LOS PINOS,4.0,135,45,480000000.0,3555556.0,-75.59751035,6.25228449,2022,2,15
181914.0,15-02-2022,VENTA,APARTAMENTO,USADO,EL DANUBIO,3.0,75,0,260000000.0,3466667.0,-75.60734201,6.25297287,2022,2,15
181915.0,15-02-2022,VENTA,APARTAMENTO,USADO,SIMON BOLIVAR,5.0,367,244,1644000000.0,4479564.0,-75.60586696,6.24691215,2022,2,15
181916.0,15-02-2022,VENTA,APARTAMENTO,USADO,BOYACA,3.0,68,39,200000000.0,2941176.0,-75.5653675,6.30276689,2022,2,15
181917.0,15-02-2022,VENTA,APARTAMENTO,USADO,FLORENCIA,3.0,45,24,145000000.0,3222222.0,-75.56724088,6.30962003,2022,2,15
181918.0,15-02-2022,VENTA,APARTAMENTO,NUEVO,FLORENCIA,3.0,105,42,265000000.0,2523810.0,-75.56806186,6.30924518,2022,2,15
181919.0,15-02-2022,VENTA,APARTAMENTO,USADO,SIMON BOLIVAR,5.0,85,40,310000000.0,3647059.0,-75.60562183,6.24590994,2022,2,15
181921.0,15-02-2022,VENTA,APARTAMENTO,USADO,SIMON BOLIVAR,5.0,106,59,370000000.0,3490566.0,-75.60562183,6.24590994,2022,2,15
181922.0,15-02-2022,VENTA,APARTAMENTO,NUEVO,EL VELODROMO,6.0,90,26,460000000.0,5111111.0,-75.59612792,6.2535749,2022,2,15
181923.0,15-02-2022,VENTA,APARTAMENTO,USADO,EL VELODROMO,5.0,145,44,450000000.0,3103448.0,-75.59518893,6.25285065,2022,2,15
181924.0,16-02-2022,VENTA,APARTAMENTO,USADO,SIMON BOLIVAR,5.0,150,73,460000000.0,3066667.0,-75.60288788,6.24884499,2022,2,16
181925.0,16-02-2022,VENTA,APARTAMENTO,USADO,GIRARDOT,3.0,185,50,300000000.0,1621622.0,-75.57260197,6.29589108,2022,2,16
181930.0,18-02-2022,VENTA,APARTAMENTO,USADO,BOMBONA # 1,4.0,90,15,395000000.0,4388889.0,-75.56196249,6.24351282,2022,2,18
181932.0,18-02-2022,VENTA,APARTAMENTO,USADO,LAS PALMAS,3.0,90,22,280000000.0,3111111.0,-75.56371641,6.24147768,2022,2,18
181933.0,18-02-2022,VENTA,APARTAMENTO,USADO,EL SALVADOR,3.0,50,48,150000000.0,3000000.0,-75.56161556,6.23767713,2022,2,18
181934.0,18-02-2022,VENTA,APARTAMENTO,USADO,EL SALVADOR,3.0,83,64,260000000.0,3132530.0,-75.56227571,6.2369533,2022,2,18
181935.0,21-02-2022,VENTA,APARTAMENTO,NUEVO,BUENOS AIRES,3.0,53,175,250000000.0,4716981.0,-75.55981822,6.24228175,2022,2,21
181938.0,21-02-2022,VENTA,APARTAMENTO,USADO,GERONA,3.0,80,42,210000000.0,2625000.0,-75.56051411,6.24173008,2022,2,21
181940.0,21-02-2022,VENTA,APARTAMENTO,NUEVO,BOMBONA # 1,4.0,38,351,150000000.0,3947368.0,-75.56238205,6.24285936,2022,2,21
181942.0,22-02-2022,VENTA,APARTAMENTO,USADO,LOS BALSOS # 1,6.0,294,197,1450000000.0,4931973.0,-75.56440379,6.18692371,2022,2,22
181943.0,22-02-2022,VENTA,APARTAMENTO,USADO,LAURELES,5.0,331,228,940000000.0,2839879.0,-75.59817252,6.24729263,2022,2,22
181944.0,22-02-2022,VENTA,APARTAMENTO,USADO,SAN LUCAS,6.0,145,69,690000000.0,4758621.0,-75.56694425,6.18660783,2022,2,22
181960.0,23-02-2022,VENTA,APARTAMENTO,USADO,EL SALVADOR,3.0,64,0,230000000.0,3593750.0,-75.56199603,6.23774697,2022,2,23
181995.0,24-02-2022,VENTA,APARTAMENTO,USADO,CALASANZ,5.0,74,0,360000000.0,4864865.0,-75.59906028,6.2616899,2022,2,24
181996.0,24-02-2022,VENTA,APARTAMENTO,USADO,CALASANZ,6.0,120,42,440000000.0,3666667.0,-75.5991763,6.26138193,2022,2,24
181997.0,24-02-2022,VENTA,APARTAMENTO,USADO,CALASANZ,5.0,118,0,450000000.0,3813559.0,-75.59942044,6.26028337,2022,2,24
181998.0,24-02-2022,VENTA,APARTAMENTO,USADO,CALASANZ,5.0,88,28,360000000.0,4090909.0,-75.59974181,6.2601064,2022,2,24
182000.0,24-02-2022,VENTA,APARTAMENTO,USADO,CALASANZ,5.0,76,22,350000000.0,4605263.0,-75.59906028,6.2616899,2022,2,24
182001.0,24-02-2022,VENTA,APARTAMENTO,NUEVO,CALASANZ,6.0,122,38,430000000.0,3524590.0,-75.5991763,6.26138193,2022,2,24
182019.0,28-02-2022,VENTA,APARTAMENTO,NUEVO,CALASANZ,5.0,45,248,300000000.0,6666667.0,-75.60025636,6.26354658,2022,2,28
182020.0,28-02-2022,VENTA,APARTAMENTO,NUEVO,CALASANZ,5.0,131,248,530000000.0,4045802.0,-75.60025636,6.26354658,2022,2,28
182021.0,28-02-2022,VENTA,APARTAMENTO,NUEVO,CALASANZ,5.0,145,248,620000000.0,4275862.0,-75.60025636,6.26354658,2022,2,28
182035.0,01-03-2022,VENTA,APARTAMENTO,USADO,SANTA LUCIA,3.0,58,44,200000000.0,3448276.0,-75.60691394,6.25694366,2022,3,1
182037.0,01-03-2022,VENTA,APARTAMENTO,USADO,SANTA LUCIA,3.0,78,29,230000000.0,2948718.0,-75.60769442,6.25804582,2022,3,1
182039.0,01-03-2022,VENTA,APARTAMENTO,USADO,LA PRADERA,2.0,192,73,320000000.0,1666667.0,-75.61282872,6.26162344,2022,3,1
182097.0,04-03-2022,VENTA,APARTAMENTO,USADO,EL DANUBIO,4.0,67,30,290000000.0,4328358.0,-75.60849872,6.25247713,2022,3,4
182098.0,04-03-2022,VENTA,APARTAMENTO,USADO,CALASANZ PARTE ALTA,5.0,81,80,280000000.0,3456790.0,-75.60227676,6.2666619,2022,3,4
182100.0,04-03-2022,VENTA,APARTAMENTO,USADO,CALASANZ PARTE ALTA,4.0,138,94,340000000.0,2463768.0,-75.60420181,6.26388723,2022,3,4
182101.0,04-03-2022,VENTA,APARTAMENTO,USADO,CALASANZ PARTE ALTA,5.0,97,88,355000000.0,3659794.0,-75.60193891,6.26516825,2022,3,4
182138.0,07-03-2022,VENTA,APARTAMENTO,USADO,LAURELES,5.0,53,14,300000000.0,5660377.0,-75.59241356,6.24128596,2022,3,7
182140.0,07-03-2022,VENTA,APARTAMENTO,NUEVO,LORENA,4.0,86,8,350000000.0,4069767.0,-75.5957383,6.24965269,2022,3,7
182141.0,07-03-2022,VENTA,APARTAMENTO,USADO,FATIMA,4.0,72,26,320000000.0,4444444.0,-75.58466106,6.2344353,2022,3,7
182142.0,07-03-2022,VENTA,APARTAMENTO,USADO,FATIMA,4.0,69,25,310000000.0,4492754.0,-75.58485362,6.23544034,2022,3,7
182144.0,07-03-2022,VENTA,APARTAMENTO,USADO,BOLIVARIANA,4.0,103,277,350000000.0,3398058.0,-75.58971786,6.24694063,2022,3,7
182146.0,07-03-2022,VENTA,APARTAMENTO,USADO,CASTROPOL,5.0,78,94,370000000.0,4743590.0,-75.56685683,6.22446777,2022,3,7
182147.0,07-03-2022,VENTA,APARTAMENTO,USADO,MIRAVALLE,5.0,127,41,370000000.0,2913386.0,-75.60277305,6.23721225,2022,3,7
182148.0,07-03-2022,VENTA,APARTAMENTO,USADO,CALASANZ PARTE ALTA,5.0,102,94,370000000.0,3627451.0,-75.60193891,6.26516825,2022,3,7
182150.0,07-03-2022,VENTA,APARTAMENTO,USADO,CASTROPOL,5.0,75,91,370000000.0,4933333.0,-75.56685683,6.22446777,2022,3,7
182152.0,08-03-2022,VENTA,APARTAMENTO,USADO,LA FLORIDA,6.0,305,225,856000000.0,2806557.0,-75.56847797,6.2058599,2022,3,8
182153.0,08-03-2022,VENTA,APARTAMENTO,USADO,ASOMADERA # 2,6.0,598,293,1852000000.0,3096990.0,-75.56031561,6.21784991,2022,3,8
182154.0,08-03-2022,VENTA,APARTAMENTO,USADO,LOS BALSOS # 1,6.0,362,490,2097000000.0,5792818.0,-75.55506676,6.19068185,2022,3,8
182155.0,08-03-2022,VENTA,APARTAMENTO,USADO,ALEJANDRO ECHAVARRIA,3.0,34,13,153000000.0,4500000.0,-75.54537926,6.23809523,2022,3,8
182158.0,08-03-2022,VENTA,APARTAMENTO,USADO,ALEJANDRIA,6.0,296,299,2376000000.0,8027027.0,-75.56617023,6.19973087,2022,3,8
182163.0,08-03-2022,VENTA,APARTAMENTO,USADO,ROSALES,5.0,73,30,380000000.0,5205479.0,-75.59325921,6.23622096,2022,3,8
182164.0,08-03-2022,VENTA,APARTAMENTO,USADO,BOLIVARIANA,5.0,99,41,370000000.0,3737374.0,-75.59192939,6.24328095,2022,3,8
182165.0,14-03-2022,VENTA,APARTAMENTO,NUEVO,BARRIO CRISTOBAL,4.0,33,0,153800000.0,4660606.0,-75.60998278,6.24821322,2022,3,14
182166.0,14-03-2022,VENTA,APARTAMENTO,NUEVO,SANTA FE,4.0,63,0,417400000.0,6625397.0,-75.57791821,6.2224836,2022,3,14
182183.0,14-03-2022,VENTA,APARTAMENTO,USADO,TRICENTENARIO,3.0,45,15,123000000.0,2733333.0,-75.56605356,6.29422712,2022,3,14
182196.0,14-03-2022,VENTA,APARTAMENTO,USADO,LOMA DE LOS BERNAL,4.0,66,71,210000000.0,3181818.0,-75.60018635,6.21776639,2022,3,14
182197.0,14-03-2022,VENTA,APARTAMENTO,USADO,SANTA TERESITA,5.0,74,60,325000000.0,4391892.0,-75.61475776,6.24146334,2022,3,14
182198.0,14-03-2022,VENTA,APARTAMENTO,USADO,EL TESORO,6.0,242,103,1191000000.0,4921488.0,-75.55402934,6.19857564,2022,3,14
182209.0,14-03-2022,VENTA,APARTAMENTO,USADO,LA HONDONADA,4.0,59,28,169000000.0,2864407.0,-75.60443256,6.20320919,2022,3,14
182211.0,14-03-2022,VENTA,APARTAMENTO,USADO,LAURELES,5.0,284,75,1194000000.0,4204225.0,-75.59483379,6.24176871,2022,3,14
182221.0,14-03-2022,VENTA,APARTAMENTO,USADO,EL DIAMANTE # 2,6.0,111,50,445000000.0,4009009.0,-75.56765015,6.17809142,2022,3,14
182226.0,14-03-2022,VENTA,APARTAMENTO,USADO,SURAMERICANA,5.0,114,33,335000000.0,2938596.0,-75.58098863,6.2551754,2022,3,14
182228.0,14-03-2022,VENTA,APARTAMENTO,USADO,EL DIAMANTE # 2,6.0,272,147,985000000.0,3621324.0,-75.57740827,6.18764497,2022,3,14
182235.0,14-03-2022,VENTA,APARTAMENTO,USADO,LAS PLAYAS,4.0,90,47,303000000.0,3366667.0,-75.59738887,6.22153231,2022,3,14
182239.0,14-03-2022,VENTA,APARTAMENTO,USADO,TRINIDAD,3.0,89,105,176000000.0,1977528.0,-75.58540668,6.2266002,2022,3,14
182261.0,15-03-2022,VENTA,APARTAMENTO,NUEVO,LOS BALSOS # 2,5.0,97,0,787750000.0,8121134.0,-75.57058318,6.19469456,2022,3,15
182268.0,15-03-2022,VENTA,APARTAMENTO,NUEVO,ZONA EXPANSION SAN ANTONIO,4.0,43,73326,148271040.0,3448164.0,-75.65448249,6.17459612,2022,3,15
182283.0,15-03-2022,VENTA,APARTAMENTO,NUEVO,ZONA EXPANSION ALTOS DE CALASANZ,5.0,57,0,261500000.0,4587719.0,-75.61077687,6.26727051,2022,3,15
182286.0,15-03-2022,VENTA,APARTAMENTO,NUEVO,LOS BALSOS # 1,6.0,60,0,531857000.0,8864283.0,-75.56281821,6.19078226,2022,3,15
182292.0,15-03-2022,VENTA,APARTAMENTO,NUEVO,LOS CONQUISTADORES,5.0,95,0,610000000.0,6421053.0,-75.58108705,6.24454119,2022,3,15
182305.0,15-03-2022,VENTA,APARTAMENTO,NUEVO,ALTOS DEL POBLADO,6.0,48,0,470680000.0,9805833.0,-75.55730554,6.21640575,2022,3,15
182306.0,15-03-2022,VENTA,APARTAMENTO,NUEVO,PATIO BONITO,5.0,29,0,290000000.0,10000000.0,-75.57347408,6.2071486,2022,3,15
182331.0,15-03-2022,VENTA,APARTAMENTO,NUEVO,SAN LUCAS,6.0,165,0,955000000.0,5787879.0,-75.56663573,6.18328719,2022,3,15
182334.0,15-03-2022,VENTA,APARTAMENTO,NUEVO,BELEN,4.0,83,0,498000000.0,6000000.0,-75.59739455,6.22967879,2022,3,15
182475.0,17-03-2022,VENTA,APARTAMENTO,USADO,LAS LOMAS # 2,6.0,165,100,630000000.0,3818182.0,-75.5580044,6.20940005,2022,3,17
182476.0,17-03-2022,VENTA,APARTAMENTO,USADO,SAN LUCAS,5.0,123,90,830000000.0,6747967.0,-75.56273612,6.17925829,2022,3,17
182477.0,17-03-2022,VENTA,APARTAMENTO,USADO,LOS BALSOS # 1,6.0,294,196,1450000000.0,4931973.0,-75.56440379,6.18692371,2022,3,17
182535.0,18-03-2022,VENTA,APARTAMENTO,USADO,ZONA EXPANSION ALTOS DE CALASANZ,4.0,57,28,260000000.0,4561404.0,-75.6048371,6.27014074,2022,3,18
182536.0,18-03-2022,VENTA,APARTAMENTO,USADO,BELLO HORIZONTE,2.0,107,60,310000000.0,2897196.0,-75.58893142,6.28274197,2022,3,18
182550.0,22-03-2022,VENTA,APARTAMENTO,USADO,BOSTON,4.0,144,28,320000000.0,2222222.0,-75.5593224,6.24552189,2022,3,22
182553.0,22-03-2022,VENTA,APARTAMENTO,USADO,BOSTON,4.0,71,10,230000000.0,3239437.0,-75.55909112,6.24680678,2022,3,22
182554.0,22-03-2022,VENTA,APARTAMENTO,USADO,BOSTON,4.0,206,71,530000000.0,2572816.0,-75.55722772,6.2501417,2022,3,22
182556.0,22-03-2022,VENTA,APARTAMENTO,USADO,FATIMA,4.0,220,100,650000000.0,2954545.0,-75.58722052,6.23624157,2022,3,22
182557.0,22-03-2022,VENTA,APARTAMENTO,USADO,LA CASTELLANA,5.0,200,108,698000000.0,3490000.0,-75.6055173,6.24368209,2022,3,22
182559.0,22-03-2022,VENTA,APARTAMENTO,USADO,LOS ANGELES,3.0,90,26,270000000.0,3000000.0,-75.55863917,6.25099991,2022,3,22
182567.0,23-03-2022,VENTA,APARTAMENTO,USADO,SAN LUCAS,6.0,284,103,2520000000.0,8873239.0,-75.56544681,6.18225168,2022,3,23
182569.0,23-03-2022,VENTA,APARTAMENTO,USADO,BOSTON,4.0,99,40,160000000.0,1616162.0,-75.55802651,6.24946633,2022,3,23
182576.0,23-03-2022,VENTA,APARTAMENTO,USADO,LALINDE,6.0,197,0,800000000.0,4060914.0,-75.56562059,6.21431683,2022,3,23
182581.0,23-03-2022,VENTA,APARTAMENTO,USADO,BOSTON,4.0,160,86,670000000.0,4187500.0,-75.55850768,6.24958074,2022,3,23
182582.0,23-03-2022,VENTA,APARTAMENTO,USADO,CASTROPOL,6.0,109,0,530000000.0,4862385.0,-75.56904274,6.21844385,2022,3,23
182583.0,23-03-2022,VENTA,APARTAMENTO,USADO,BOSTON,4.0,45,7,200000000.0,4444444.0,-75.55926719,6.2489119,2022,3,23
182585.0,23-03-2022,VENTA,APARTAMENTO,USADO,BARRIO COLOMBIA,6.0,101,0,460000000.0,4554455.0,-75.56965337,6.2238261,2022,3,23
182587.0,23-03-2022,VENTA,APARTAMENTO,USADO,BOSTON,3.0,110,30,290000000.0,2636364.0,-75.55924029,6.24848964,2022,3,23
182588.0,23-03-2022,VENTA,APARTAMENTO,USADO,CASTROPOL,6.0,77,0,420000000.0,5454545.0,-75.56653491,6.22095893,2022,3,23
182629.0,24-03-2022,VENTA,APARTAMENTO,USADO,BOSTON,4.0,106,35,270000000.0,2547170.0,-75.5599863,6.24628925,2022,3,24
182664.0,24-03-2022,VENTA,APARTAMENTO,USADO,PROGRESO,3.0,317,101,450000000.0,1419558.0,-75.57726641,6.27599982,2022,3,24
182666.0,25-03-2022,VENTA,APARTAMENTO,USADO,BOSTON,4.0,113,57,210000000.0,1858407.0,-75.56061594,6.24620209,2022,3,25
182675.0,25-03-2022,VENTA,APARTAMENTO,USADO,BOSTON,4.0,64,10,280000000.0,4375000.0,-75.55943797,6.24943356,2022,3,25
182677.0,25-03-2022,VENTA,APARTAMENTO,USADO,BOSTON,4.0,59,10,190000000.0,3220339.0,-75.56037025,6.25051782,2022,3,25
182681.0,25-03-2022,VENTA,APARTAMENTO,USADO,SAN JOAQUIN,5.0,117,41,670000000.0,5726496.0,-75.58795412,6.24448314,2022,3,25
182683.0,25-03-2022,VENTA,APARTAMENTO,USADO,SAN JOAQUIN,5.0,84,23,385000000.0,4583333.0,-75.58776885,6.24439089,2022,3,25
182685.0,26-03-2022,VENTA,APARTAMENTO,USADO,VILLA NUEVA,4.0,58,10,256000000.0,4413793.0,-75.56114423,6.25100526,2022,3,26
182687.0,26-03-2022,VENTA,APARTAMENTO,USADO,BOSTON,4.0,47,9,186000000.0,3957447.0,-75.55985985,6.25023355,2022,3,26
182688.0,26-03-2022,VENTA,APARTAMENTO,USADO,BOSTON,4.0,59,11,220000000.0,3728814.0,-75.55985985,6.25023355,2022,3,26
182691.0,26-03-2022,VENTA,APARTAMENTO,USADO,BOSTON,4.0,48,6,168000000.0,3500000.0,-75.55929907,6.24929296,2022,3,26
182693.0,26-03-2022,VENTA,APARTAMENTO,USADO,BOSTON,4.0,60,10,270000000.0,4500000.0,-75.55943797,6.24943356,2022,3,26
182694.0,26-03-2022,VENTA,APARTAMENTO,USADO,BOSTON,4.0,60,10,260000000.0,4333333.0,-75.55943797,6.24943356,2022,3,26
182698.0,26-03-2022,VENTA,APARTAMENTO,USADO,BOSTON,4.0,49,6,178000000.0,3632653.0,-75.55926593,6.25077878,2022,3,26
182699.0,26-03-2022,VENTA,APARTAMENTO,USADO,BOSTON,4.0,46,6,176000000.0,3826087.0,-75.55926593,6.25077878,2022,3,26
182702.0,26-03-2022,VENTA,APARTAMENTO,USADO,LOS ANGELES,4.0,216,222,640000000.0,2962963.0,-75.55945759,6.25269936,2022,3,26
182703.0,28-03-2022,VENTA,APARTAMENTO,NUEVO,BOSTON,4.0,58,0,276000000.0,4758621.0,-75.55622619,6.24888678,2022,3,28
182708.0,28-03-2022,VENTA,APARTAMENTO,USADO,LOS ANGELES,4.0,77,27,280000000.0,3636364.0,-75.55863917,6.25099991,2022,3,28
182714.0,28-03-2022,VENTA,APARTAMENTO,USADO,VILLA NUEVA,4.0,137,73,490000000.0,3576642.0,-75.56123415,6.25156011,2022,3,28
182719.0,28-03-2022,VENTA,APARTAMENTO,USADO,LOS ANGELES,4.0,67,20,220000000.0,3283582.0,-75.5593253,6.2517305,2022,3,28
182724.0,28-03-2022,VENTA,APARTAMENTO,USADO,LOS ANGELES,4.0,128,0,260000000.0,2031250.0,-75.5595105,6.25210351,2022,3,28
182734.0,29-03-2022,VENTA,APARTAMENTO,USADO,LOS ANGELES,4.0,84,30,230000000.0,2738095.0,-75.55926356,6.25468083,2022,3,29
182735.0,29-03-2022,VENTA,APARTAMENTO,USADO,LA CANDELARIA,4.0,167,18,440000000.0,2639947.0,-75.56383543,6.25004283,2022,3,29
182738.0,29-03-2022,VENTA,APARTAMENTO,USADO,VILLA NUEVA,4.0,199,34,350000000.0,1758794.0,-75.56221811,6.25304906,2022,3,29
182742.0,30-03-2022,VENTA,APARTAMENTO,USADO,VILLA NUEVA,4.0,133,30,370000000.0,2781955.0,-75.5626612,6.25333174,2022,3,30
182746.0,30-03-2022,VENTA,APARTAMENTO,USADO,VILLA NUEVA,4.0,258,41,380000000.0,1472868.0,-75.56390937,6.25227911,2022,3,30
182747.0,30-03-2022,VENTA,APARTAMENTO,USADO,VILLA NUEVA,4.0,258,41,305807000.0,1185298.0,-75.56390937,6.25227911,2022,3,30
182748.0,30-03-2022,VENTA,APARTAMENTO,USADO,VILLA NUEVA,4.0,258,42,300000000.0,1162791.0,-75.56390937,6.25227911,2022,3,30
182763.0,30-03-2022,VENTA,APARTAMENTO,USADO,LOS ANGELES,4.0,68,0,290000000.0,4264706.0,-75.5599143,6.25246725,2022,3,30
182856.0,31-03-2022,VENTA,APARTAMENTO,USADO,VILLA NUEVA,4.0,113,34,260000000.0,2300885.0,-75.56067633,6.25203372,2022,3,31
182857.0,31-03-2022,VENTA,APARTAMENTO,USADO,LA CANDELARIA,4.0,251,21,450000000.0,1792829.0,-75.56384599,6.24979907,2022,3,31
182934.0,08-04-2022,VENTA,APARTAMENTO,NUEVO,LA CASTELLANA,5.0,139,282,900000000.0,6459485.0,-75.60375238,6.24077911,2022,4,8
182935.0,08-04-2022,VENTA,APARTAMENTO,NUEVO,LA CASTELLANA,5.0,125,282,700000000.0,5600000.0,-75.60375238,6.24077911,2022,4,8
182936.0,08-04-2022,VENTA,APARTAMENTO,USADO,LA CASTELLANA,5.0,119,41,460000000.0,3865546.0,-75.60388714,6.23959907,2022,4,8
182938.0,08-04-2022,VENTA,APARTAMENTO,USADO,LA CASTELLANA,5.0,282,161,750000000.0,2659574.0,-75.60445201,6.2402043,2022,4,8
182939.0,08-04-2022,VENTA,APARTAMENTO,NUEVO,LAS ACACIAS,5.0,1239,254,3766000000.0,3039548.0,-75.60100058,6.24264176,2022,4,8
182946.0,18-04-2022,VENTA,APARTAMENTO,USADO,EL VELODROMO,6.0,112,23,500000000.0,4464286.0,-75.59445047,6.25304447,2022,4,18
182947.0,18-04-2022,VENTA,APARTAMENTO,NUEVO,ZONA EXPANSION PAJARITO,3.0,46,0,163720000.0,3559130.0,-75.61324207,6.28734552,2022,4,18
182954.0,18-04-2022,VENTA,APARTAMENTO,NUEVO,CUARTA BRIGADA,4.0,74,0,476092000.0,6433676.0,-75.58948166,6.26171927,2022,4,18
182965.0,18-04-2022,VENTA,APARTAMENTO,NUEVO,ALTOS DEL POBLADO,6.0,95,31,619460000.0,6520632.0,-75.55582666,6.21662494,2022,4,18
182966.0,18-04-2022,VENTA,APARTAMENTO,NUEVO,SAN LUCAS,6.0,49,0,512000000.0,10448980.0,-75.56229804,6.18432583,2022,4,18
182972.0,18-04-2022,VENTA,APARTAMENTO,NUEVO,LOS BALSOS # 1,6.0,87,0,527675000.0,6065230.0,-75.56366042,6.19104654,2022,4,18
182975.0,18-04-2022,VENTA,APARTAMENTO,USADO,ARANJUEZ,3.0,128,86,320000000.0,2500000.0,-75.56189603,6.27924794,2022,4,18
182977.0,18-04-2022,VENTA,APARTAMENTO,USADO,SAN BERNARDO,3.0,90,35,260000000.0,2888889.0,-75.59217607,6.22591161,2022,4,18
182980.0,18-04-2022,VENTA,APARTAMENTO,USADO,EL DANUBIO,4.0,298,179,586000000.0,1966443.0,-75.6103219,6.25228175,2022,4,18
182981.0,18-04-2022,VENTA,APARTAMENTO,USADO,BARRIO CAICEDO,3.0,103,33,280000000.0,2718447.0,-75.55676237,6.24397941,2022,4,18
183000.0,19-04-2022,VENTA,APARTAMENTO,USADO,ASOMADERA # 2,6.0,537,293,1853000000.0,3450652.0,-75.56031561,6.21784991,2022,4,19
183003.0,19-04-2022,VENTA,APARTAMENTO,USADO,LA CANDELARIA,4.0,109,24,160000000.0,1467890.0,-75.56477547,6.25134106,2022,4,19
183009.0,19-04-2022,VENTA,APARTAMENTO,USADO,SANTA MARIA DE LOS ANGELES,6.0,104,32,431000000.0,4144231.0,-75.58157495,6.18866809,2022,4,19
183019.0,20-04-2022,VENTA,APARTAMENTO,USADO,LORENA,5.0,111,34,460000000.0,4144144.0,-75.59279406,6.24801386,2022,4,20
183021.0,19-04-2022,VENTA,APARTAMENTO,USADO,PATIO BONITO,5.0,80,0,500000000.0,6250000.0,-75.57545048,6.20646149,2022,4,19
183022.0,20-04-2022,VENTA,APARTAMENTO,USADO,LA MOTA,4.0,65,36,300000000.0,4615385.0,-75.59964103,6.20742235,2022,4,20
183026.0,20-04-2022,VENTA,APARTAMENTO,USADO,LOS BALSOS # 1,6.0,108,47,756000000.0,7000000.0,-75.56130524,6.19041233,2022,4,20
183033.0,20-04-2022,VENTA,APARTAMENTO,USADO,LA ESPERANZA,3.0,140,24,220000000.0,1571429.0,-75.57517256,6.29199558,2022,4,20
183037.0,20-04-2022,VENTA,APARTAMENTO,USADO,EL ESTADIO,5.0,185,118,465000000.0,2513514.0,-75.59049234,6.26014213,2022,4,20
183038.0,20-04-2022,VENTA,APARTAMENTO,USADO,ZONA EXPANSION ALTOS DE CALASANZ,4.0,69,21,305000000.0,4420290.0,-75.60899277,6.26954635,2022,4,20
183039.0,20-04-2022,VENTA,APARTAMENTO,USADO,ROSALES,5.0,180,75,375000000.0,2083333.0,-75.59363265,6.23448001,2022,4,20
183041.0,20-04-2022,VENTA,APARTAMENTO,USADO,ROSALES,6.0,75,23,340000000.0,4533333.0,-75.59073354,6.23713843,2022,4,20
183042.0,21-04-2022,VENTA,APARTAMENTO,USADO,CALASANZ,5.0,116,39,370000000.0,3189655.0,-75.60046264,6.26322334,2022,4,21
183043.0,21-04-2022,VENTA,APARTAMENTO,USADO,EL CASTILLO,6.0,71,111,561000000.0,7901408.0,-75.57586562,6.19149731,2022,4,21
183044.0,21-04-2022,VENTA,APARTAMENTO,USADO,LAURELES,6.0,240,51,1200000000.0,5000000.0,-75.59619446,6.24149814,2022,4,21
183045.0,21-04-2022,VENTA,APARTAMENTO,NUEVO,CALASANZ,5.0,131,248,520000000.0,3969466.0,-75.60025636,6.26354658,2022,4,21
183046.0,21-04-2022,VENTA,APARTAMENTO,NUEVO,CALASANZ,5.0,387,248,1500000000.0,3875969.0,-75.60025636,6.26354658,2022,4,21
183047.0,21-04-2022,VENTA,APARTAMENTO,USADO,ZONA EXPANSION ALTOS DE CALASANZ,4.0,79,24,320000000.0,4050633.0,-75.60899277,6.26954635,2022,4,21
183050.0,21-04-2022,VENTA,APARTAMENTO,USADO,SANTA MARIA DE LOS ANGELES,6.0,62,27,532000000.0,8580645.0,-75.58065341,6.18903534,2022,4,21
183051.0,21-04-2022,VENTA,APARTAMENTO,USADO,SANTA LUCIA,3.0,200,229,530000000.0,2650000.0,-75.60419465,6.25875635,2022,4,21
183052.0,21-04-2022,VENTA,APARTAMENTO,USADO,SANTA LUCIA,3.0,38,12,165000000.0,4342105.0,-75.60422505,6.25883274,2022,4,21
183053.0,21-04-2022,VENTA,APARTAMENTO,USADO,VILLA CARLOTA,6.0,90,0,920000000.0,10222222.0,-75.57392735,6.22233481,2022,4,21
183054.0,21-04-2022,VENTA,APARTAMENTO,USADO,CALASANZ,4.0,101,35,470000000.0,4653465.0,-75.59987313,6.26284304,2022,4,21
183055.0,21-04-2022,VENTA,APARTAMENTO,USADO,ZONA EXPANSION ALTOS DE CALASANZ,4.0,54,26,250000000.0,4629630.0,-75.60413871,6.26970682,2022,4,21
183056.0,21-04-2022,VENTA,APARTAMENTO,USADO,LAURELES,6.0,145,47,600000000.0,4137931.0,-75.5927623,6.24039716,2022,4,21
183058.0,21-04-2022,VENTA,APARTAMENTO,USADO,CABECERA SAN ANTONIO DE PRADO,3.0,43,10,148271040.0,3448164.0,-75.64764197,6.17560118,2022,4,21
183059.0,22-04-2022,VENTA,APARTAMENTO,NUEVO,CUARTA BRIGADA,4.0,83,36,491329495.0,5919632.0,-75.58627083,6.26106457,2022,4,22
183071.0,25-04-2022,VENTA,APARTAMENTO,USADO,BOMBONA # 1,3.0,30,83,95000000.0,3166667.0,-75.56018825,6.24373147,2022,4,25
183072.0,25-04-2022,VENTA,APARTAMENTO,USADO,BOMBONA # 1,3.0,177,41,380000000.0,2146893.0,-75.56157993,6.24319669,2022,4,25
183074.0,25-04-2022,VENTA,APARTAMENTO,USADO,GERONA,3.0,40,7,145000000.0,3625000.0,-75.55710175,6.23863569,2022,4,25
183076.0,25-04-2022,VENTA,APARTAMENTO,USADO,LORETO,3.0,101,45,230000000.0,2277228.0,-75.55681583,6.2349401,2022,4,25
183080.0,25-04-2022,VENTA,APARTAMENTO,USADO,LAS PALMAS,3.0,72,25,125000000.0,1736111.0,-75.563668,6.23876723,2022,4,25
183082.0,25-04-2022,VENTA,APARTAMENTO,USADO,LAS PALMAS,3.0,77,25,140000000.0,1818182.0,-75.563668,6.23876723,2022,4,25
183086.0,25-04-2022,VENTA,APARTAMENTO,USADO,LORETO,3.0,112,0,260000000.0,2321429.0,-75.55658966,6.23465176,2022,4,25
183087.0,25-04-2022,VENTA,APARTAMENTO,NUEVO,GERONA,3.0,80,228,210000000.0,2625000.0,-75.5604508,6.24173318,2022,4,25
183088.0,25-04-2022,VENTA,APARTAMENTO,NUEVO,GERONA,3.0,85,228,215000000.0,2529412.0,-75.5604508,6.24173318,2022,4,25
183090.0,25-04-2022,VENTA,APARTAMENTO,USADO,EL SALVADOR,3.0,85,0,320000000.0,3764706.0,-75.56151199,6.23897379,2022,4,25
183094.0,26-04-2022,VENTA,APARTAMENTO,USADO,BARRIO COLON,3.0,183,60,370000000.0,2021858.0,-75.56997182,6.23825962,2022,4,26
183097.0,26-04-2022,VENTA,APARTAMENTO,USADO,EL SALVADOR,3.0,180,0,360000000.0,2000000.0,-75.56147113,6.23923812,2022,4,26
183100.0,26-04-2022,VENTA,APARTAMENTO,USADO,GERONA,3.0,142,48,290000000.0,2042254.0,-75.56053602,6.24071021,2022,4,26
183104.0,26-04-2022,VENTA,APARTAMENTO,USADO,EL SALVADOR,3.0,145,0,390000000.0,2689655.0,-75.56097617,6.24093643,2022,4,26
183105.0,26-04-2022,VENTA,APARTAMENTO,USADO,LAS PALMAS,3.0,90,0,280000000.0,3111111.0,-75.56371641,6.24147768,2022,4,26
183107.0,26-04-2022,VENTA,APARTAMENTO,USADO,EL SALVADOR,3.0,97,38,280000000.0,2886598.0,-75.56270383,6.23903604,2022,4,26
183421.0,29-04-2022,VENTA,APARTAMENTO,USADO,LAURELES,5.0,103,35,690000000.0,6699029.0,-75.59630128,6.24278344,2022,4,29
183487.0,02-05-2022,VENTA,APARTAMENTO,USADO,LA ESPERANZA,3.0,65,41,140000000.0,2153846.0,-75.5765752,6.29672943,2022,5,2
183489.0,02-05-2022,VENTA,APARTAMENTO,USADO,CASTILLA,3.0,50,81,130000000.0,2600000.0,-75.57309942,6.29128493,2022,5,2
183506.0,02-05-2022,VENTA,APARTAMENTO,USADO,PEDREGAL,3.0,73,25,115000000.0,1575342.0,-75.57568536,6.29851934,2022,5,2
183511.0,02-05-2022,VENTA,APARTAMENTO,USADO,CASTILLA,3.0,96,48,175000000.0,1822917.0,-75.56980801,6.29295356,2022,5,2
183517.0,02-05-2022,VENTA,APARTAMENTO,USADO,GIRARDOT,3.0,130,0,250000000.0,1923077.0,-75.57227121,6.29574722,2022,5,2
183519.0,02-05-2022,VENTA,APARTAMENTO,USADO,CASTILLA,3.0,86,22,205000000.0,2383721.0,-75.57384328,6.29325447,2022,5,2
183521.0,03-05-2022,VENTA,APARTAMENTO,USADO,ASOMADERA # 1,3.0,38,4,145000000.0,3815789.0,-75.56140756,6.23025048,2022,5,3
183523.0,03-05-2022,VENTA,APARTAMENTO,USADO,GERONA,3.0,40,7,165000000.0,4125000.0,-75.55710175,6.23863569,2022,5,3
183525.0,03-05-2022,VENTA,APARTAMENTO,USADO,EL SALVADOR,3.0,125,36,274000000.0,2192000.0,-75.56251753,6.24129163,2022,5,3
183589.0,05-05-2022,VENTA,APARTAMENTO,USADO,CRISTO REY,3.0,145,70,380000000.0,2620690.0,-75.58819531,6.20578033,2022,5,5
183590.0,05-05-2022,VENTA,APARTAMENTO,USADO,CRISTO REY,3.0,117,164,350000000.0,2991453.0,-75.58784835,6.20595997,2022,5,5
183593.0,06-05-2022,VENTA,APARTAMENTO,USADO,ROSALES,5.0,480,128,960000000.0,2000000.0,-75.59459784,6.23591013,2022,5,6
183596.0,06-05-2022,VENTA,APARTAMENTO,USADO,CRISTO REY,4.0,125,61,450000000.0,3600000.0,-75.58773439,6.20723291,2022,5,6
183650.0,09-05-2022,VENTA,APARTAMENTO,USADO,ZONA EXPANSION PAJARITO,3.0,54,0,150000000.0,2777778.0,-75.61450812,6.28213559,2022,5,9
183654.0,09-05-2022,VENTA,APARTAMENTO,USADO,ZONA EXPANSION PAJARITO,3.0,54,0,190000000.0,3518519.0,-75.61450812,6.28213559,2022,5,9
183656.0,09-05-2022,VENTA,APARTAMENTO,USADO,LOS COLORES,5.0,121,50,455000000.0,3760331.0,-75.59442878,6.26951841,2022,5,9
183657.0,09-05-2022,VENTA,APARTAMENTO,NUEVO,LALINDE,5.0,110,85,917000000.0,8336364.0,-75.56813568,6.21244258,2022,5,9
183658.0,09-05-2022,VENTA,APARTAMENTO,USADO,LOS COLORES,5.0,148,25,470000000.0,3175676.0,-75.5951781,6.26791362,2022,5,9
183685.0,09-05-2022,VENTA,APARTAMENTO,USADO,ROBLEDO,3.0,81,29,185000000.0,2283951.0,-75.59678229,6.27635386,2022,5,9
183690.0,09-05-2022,VENTA,APARTAMENTO,USADO,SAN GERMAN,4.0,72,12,390000000.0,5416667.0,-75.59043285,6.26973696,2022,5,9
183691.0,09-05-2022,VENTA,APARTAMENTO,USADO,SAN GERMAN,4.0,84,14,450000000.0,5357143.0,-75.59043285,6.26973696,2022,5,9
183692.0,09-05-2022,VENTA,APARTAMENTO,USADO,SAN GERMAN,4.0,76,13,410000000.0,5394737.0,-75.59043285,6.26973696,2022,5,9
183712.0,09-05-2022,VENTA,APARTAMENTO,USADO,EL ESTADIO,5.0,167,104,875500000.0,5242515.0,-75.59385408,6.26040519,2022,5,9
183714.0,10-05-2022,VENTA,APARTAMENTO,USADO,LOS COLORES,4.0,119,82,425000000.0,3571429.0,-75.59208637,6.26656767,2022,5,10
183716.0,10-05-2022,VENTA,APARTAMENTO,USADO,LOS COLORES,4.0,74,23,270000000.0,3648649.0,-75.59392158,6.27064501,2022,5,10
183739.0,10-05-2022,VENTA,APARTAMENTO,USADO,LA CASTELLANA,5.0,110,314,616000000.0,5600000.0,-75.60622846,6.2378748,2022,5,10
183741.0,10-05-2022,VENTA,APARTAMENTO,USADO,CUARTA BRIGADA,4.0,122,22,550000000.0,4508197.0,-75.58851881,6.26000154,2022,5,10
183754.0,10-05-2022,VENTA,APARTAMENTO,USADO,LAURELES,5.0,187,67,935500000.0,5002674.0,-75.59476541,6.24364342,2022,5,10
183756.0,10-05-2022,VENTA,APARTAMENTO,USADO,VILLA CARLOTA,5.0,104,1,750000000.0,7211538.0,-75.56973272,6.22063602,2022,5,10
183758.0,10-05-2022,VENTA,APARTAMENTO,USADO,LAS ACACIAS,5.0,160,31,750000000.0,4687500.0,-75.59856466,6.24025663,2022,5,10
183759.0,10-05-2022,VENTA,APARTAMENTO,USADO,ROSALES,4.0,96,67,450000000.0,4687500.0,-75.59095339,6.23710459,2022,5,10
183761.0,10-05-2022,VENTA,APARTAMENTO,USADO,LAURELES,5.0,130,6,410000000.0,3153846.0,-75.59822168,6.24191169,2022,5,10
183762.0,10-05-2022,VENTA,APARTAMENTO,USADO,EL NOGAL - LOS ALMENDROS,5.0,65,25,370000000.0,5692308.0,-75.59385055,6.23864266,2022,5,10
183763.0,10-05-2022,VENTA,APARTAMENTO,USADO,LOS CONQUISTADORES,5.0,116,425,650000000.0,5603448.0,-75.58248473,6.24132825,2022,5,10
183766.0,11-05-2022,VENTA,APARTAMENTO,USADO,BELEN,5.0,105,26,590000000.0,5619048.0,-75.59538815,6.23627131,2022,5,11
183767.0,11-05-2022,VENTA,APARTAMENTO,NUEVO,LOS CONQUISTADORES,5.0,96,0,315000000.0,3281250.0,-75.58851605,6.23966469,2022,5,11
183770.0,11-05-2022,VENTA,APARTAMENTO,NUEVO,EL CASTILLO,5.0,86,193,644000000.0,7488372.0,-75.57517228,6.19064784,2022,5,11
183772.0,11-05-2022,VENTA,APARTAMENTO,NUEVO,EL CASTILLO,5.0,86,193,644000000.0,7488372.0,-75.57517228,6.19064784,2022,5,11
183778.0,11-05-2022,VENTA,APARTAMENTO,USADO,SAN DIEGO,4.0,98,102,365000000.0,3724490.0,-75.56837644,6.23196142,2022,5,11
183793.0,11-05-2022,VENTA,APARTAMENTO,USADO,LOS CONQUISTADORES,5.0,252,76,380000000.0,1507937.0,-75.58277657,6.23977259,2022,5,11
183796.0,11-05-2022,VENTA,APARTAMENTO,USADO,LA AMERICA,3.0,60,97,245000000.0,4083333.0,-75.60342673,6.25312943,2022,5,11
183818.0,11-05-2022,VENTA,APARTAMENTO,USADO,LAS ACACIAS,5.0,90,34,540000000.0,6000000.0,-75.59939146,6.24203775,2022,5,11
183851.0,11-05-2022,VENTA,APARTAMENTO,USADO,LAURELES,5.0,160,48,650000000.0,4062500.0,-75.59521818,6.24423046,2022,5,11
183900.0,12-05-2022,VENTA,APARTAMENTO,NUEVO,ASOMADERA # 2,6.0,87,8017,847270000.0,9738736.0,-75.5589689,6.21586609,2022,5,12
183910.0,12-05-2022,VENTA,APARTAMENTO,NUEVO,SANTA TERESITA,5.0,58,203,290000000.0,5000000.0,-75.61182143,6.24415029,2022,5,12
183912.0,12-05-2022,VENTA,APARTAMENTO,NUEVO,SANTA TERESITA,5.0,111,203,390000000.0,3513514.0,-75.61182143,6.24415029,2022,5,12
183913.0,12-05-2022,VENTA,APARTAMENTO,USADO,ASOMADERA # 2,5.0,84,0,806131378.0,9596802.0,-75.5589689,6.21586609,2022,5,12
183933.0,13-05-2022,VENTA,APARTAMENTO,USADO,MIRAVALLE,5.0,80,18,470000000.0,5875000.0,-75.6001386,6.23751887,2022,5,13
183936.0,13-05-2022,VENTA,APARTAMENTO,USADO,EL VELODROMO,6.0,93,0,550000000.0,5913978.0,-75.59336939,6.25265728,2022,5,13
183937.0,13-05-2022,VENTA,APARTAMENTO,USADO,EL DANUBIO,4.0,87,19,220000000.0,2528736.0,-75.60847821,6.25323331,2022,5,13
183938.0,13-05-2022,VENTA,APARTAMENTO,NUEVO,EL NOGAL - LOS ALMENDROS,5.0,113,42,370000000.0,3274336.0,-75.59202317,6.23872393,2022,5,13
183942.0,13-05-2022,VENTA,APARTAMENTO,USADO,CASTILLA,3.0,42,4,126000000.0,3000000.0,-75.57214502,6.2938276,2022,5,13
183946.0,13-05-2022,VENTA,APARTAMENTO,NUEVO,EL DANUBIO,4.0,49,5,169000000.0,3448980.0,-75.609783,6.25339546,2022,5,13
183947.0,13-05-2022,VENTA,APARTAMENTO,USADO,GERONA,3.0,120,52,295000000.0,2458333.0,-75.55877872,6.23990628,2022,5,13
183948.0,13-05-2022,VENTA,APARTAMENTO,NUEVO,EL DANUBIO,4.0,54,5,179000000.0,3324666.0,-75.609783,6.25339546,2022,5,13
183949.0,13-05-2022,VENTA,APARTAMENTO,USADO,ARANJUEZ,3.0,58,22,210000000.0,3620690.0,-75.56217556,6.28229363,2022,5,13
183950.0,13-05-2022,VENTA,APARTAMENTO,NUEVO,EL DANUBIO,4.0,53,5,193000000.0,3630549.0,-75.609783,6.25339546,2022,5,13
183951.0,13-05-2022,VENTA,APARTAMENTO,NUEVO,EL DANUBIO,4.0,53,5,198000000.0,3724605.0,-75.609783,6.25339546,2022,5,13
183952.0,13-05-2022,VENTA,APARTAMENTO,NUEVO,EL DANUBIO,4.0,54,6,184000000.0,3417533.0,-75.609783,6.25339546,2022,5,13
183962.0,13-05-2022,VENTA,APARTAMENTO,USADO,CAMPO ALEGRE,3.0,82,143,249000000.0,3036585.0,-75.61068388,6.2538697,2022,5,13
183963.0,13-05-2022,VENTA,APARTAMENTO,USADO,CAMPO ALEGRE,3.0,118,116,359000000.0,3042373.0,-75.61068388,6.2538697,2022,5,13
183965.0,13-05-2022,VENTA,APARTAMENTO,USADO,CAMPO ALEGRE,3.0,83,104,252000000.0,3036145.0,-75.61068388,6.2538697,2022,5,13
183968.0,13-05-2022,VENTA,APARTAMENTO,USADO,BOSTON,4.0,29,3,130000000.0,4482759.0,-75.5612913,6.24921499,2022,5,13
183983.0,13-05-2022,VENTA,APARTAMENTO,USADO,LOS ANGELES,5.0,42,8,160000000.0,3809524.0,-75.55509846,6.25003489,2022,5,13
183984.0,13-05-2022,VENTA,APARTAMENTO,NUEVO,CAMPO ALEGRE,3.0,104,273,440000000.0,4230769.0,-75.61148797,6.25446536,2022,5,13
183987.0,13-05-2022,VENTA,APARTAMENTO,USADO,LOS CONQUISTADORES,5.0,2100,313,620000000.0,295238.0,-75.58209427,6.24312658,2022,5,13
183988.0,13-05-2022,VENTA,APARTAMENTO,USADO,FLORIDA NUEVA,4.0,134,37,450000000.0,3358209.0,-75.59252934,6.25084795,2022,5,13
183989.0,13-05-2022,VENTA,APARTAMENTO,USADO,CAMPO ALEGRE,3.0,106,39,240000000.0,2264151.0,-75.61127815,6.25512236,2022,5,13
183991.0,13-05-2022,VENTA,APARTAMENTO,USADO,SANTA TERESITA,5.0,154,77,300000000.0,1948052.0,-75.60780095,6.2428694,2022,5,13
183992.0,13-05-2022,VENTA,APARTAMENTO,USADO,SANTA TERESITA,5.0,41,19,150000000.0,3658537.0,-75.61168707,6.24372978,2022,5,13
183996.0,13-05-2022,VENTA,APARTAMENTO,USADO,CAMPO ALEGRE,2.0,65,23,260000000.0,4000000.0,-75.61201359,6.25457199,2022,5,13
184031.0,16-05-2022,VENTA,APARTAMENTO,USADO,SAN JAVIER # 1,3.0,115,82,290000000.0,2521739.0,-75.61795956,6.25569113,2022,5,16
184037.0,16-05-2022,VENTA,APARTAMENTO,USADO,BELENCITO,4.0,172,43,520000000.0,3023256.0,-75.6171909,6.2501286,2022,5,16
184038.0,16-05-2022,VENTA,APARTAMENTO,USADO,SANTA TERESITA,5.0,50,17,290000000.0,5800000.0,-75.61060413,6.24538078,2022,5,16
184044.0,16-05-2022,VENTA,APARTAMENTO,USADO,BARRIO CRISTOBAL,3.0,40,12,176000000.0,4400000.0,-75.61122378,6.24626502,2022,5,16
184048.0,16-05-2022,VENTA,APARTAMENTO,USADO,SANTA TERESITA,5.0,98,35,330000000.0,3367347.0,-75.61172278,6.24534133,2022,5,16
184050.0,16-05-2022,VENTA,APARTAMENTO,USADO,SANTA MONICA,4.0,131,80,350000000.0,2671756.0,-75.6127396,6.2470423,2022,5,16
184051.0,16-05-2022,VENTA,APARTAMENTO,USADO,LOS CONQUISTADORES,5.0,142,47,400000000.0,2816901.0,-75.58225704,6.24024792,2022,5,16
184052.0,16-05-2022,VENTA,APARTAMENTO,USADO,SANTA TERESITA,5.0,73,22,300000000.0,4109589.0,-75.61065629,6.24517141,2022,5,16
184054.0,16-05-2022,VENTA,APARTAMENTO,USADO,SANTA TERESITA,5.0,80,21,240000000.0,3000000.0,-75.60969661,6.24258409,2022,5,16
184061.0,16-05-2022,VENTA,APARTAMENTO,NUEVO,SANTA TERESITA,5.0,89,25,450000000.0,5056180.0,-75.61233094,6.24390653,2022,5,16
184065.0,16-05-2022,VENTA,APARTAMENTO,NUEVO,SANTA TERESITA,5.0,90,129,400000000.0,4444444.0,-75.61058222,6.24250862,2022,5,16
184069.0,17-05-2022,VENTA,APARTAMENTO,NUEVO,FLORIDA NUEVA,4.0,95,33,487500000.0,5131579.0,-75.59176996,6.25007602,2022,5,17
184070.0,17-05-2022,VENTA,APARTAMENTO,NUEVO,LA CASTELLANA,5.0,90,26,418500000.0,4650000.0,-75.60308497,6.24221928,2022,5,17
184071.0,17-05-2022,VENTA,APARTAMENTO,USADO,LORENA,5.0,82,26,412000000.0,5024390.0,-75.59933778,6.2488192,2022,5,17
184072.0,17-05-2022,VENTA,APARTAMENTO,USADO,LOS CONQUISTADORES,5.0,103,32,487500000.0,4733010.0,-75.58185634,6.24192206,2022,5,17
184079.0,17-05-2022,VENTA,APARTAMENTO,USADO,LOS CONQUISTADORES,5.0,167,46,550000000.0,3293413.0,-75.58039246,6.24035201,2022,5,17
184081.0,17-05-2022,VENTA,APARTAMENTO,USADO,LOS CONQUISTADORES,5.0,105,0,425000000.0,4047619.0,-75.58001518,6.24148983,2022,5,17
184082.0,17-05-2022,VENTA,APARTAMENTO,USADO,SANTA TERESITA,5.0,90,47,340000000.0,3777778.0,-75.61168707,6.24372978,2022,5,17
184083.0,17-05-2022,VENTA,APARTAMENTO,USADO,LOS PINOS,4.0,135,45,470000000.0,3481481.0,-75.59751035,6.25228449,2022,5,17
184084.0,17-05-2022,VENTA,APARTAMENTO,USADO,SAN LUCAS,6.0,140,102,510000000.0,3642857.0,-75.56591029,6.18678422,2022,5,17
184085.0,17-05-2022,VENTA,APARTAMENTO,USADO,VILLA CARLOTA,5.0,81,16,414500000.0,5117284.0,-75.57426652,6.2214857,2022,5,17
184098.0,18-05-2022,VENTA,APARTAMENTO,USADO,CABECERA SAN ANTONIO DE PRADO,3.0,38,14,108000000.0,2842105.0,-75.64599024,6.17492425,2022,5,18
184103.0,18-05-2022,VENTA,APARTAMENTO,USADO,BOMBONA # 1,4.0,45,7,172500000.0,3833333.0,-75.56155401,6.24345554,2022,5,18
184104.0,18-05-2022,VENTA,APARTAMENTO,USADO,LOS CONQUISTADORES,5.0,116,11,550000000.0,4741379.0,-75.58471015,6.24055113,2022,5,18
184107.0,18-05-2022,VENTA,APARTAMENTO,USADO,EL DIAMANTE # 2,5.0,120,70,497000000.0,4141667.0,-75.57324243,6.18216948,2022,5,18
184110.0,18-05-2022,VENTA,APARTAMENTO,USADO,LOS CONQUISTADORES,5.0,129,28,500000000.0,3875969.0,-75.57926532,6.24007225,2022,5,18
184111.0,18-05-2022,VENTA,APARTAMENTO,USADO,EL DIAMANTE # 2,6.0,139,159,516000000.0,3712230.0,-75.5707613,6.18131197,2022,5,18
184116.0,18-05-2022,VENTA,APARTAMENTO,USADO,CABECERA SAN ANTONIO DE PRADO,3.0,35,14,108000000.0,3085714.0,-75.64599024,6.17492425,2022,5,18
184118.0,18-05-2022,VENTA,APARTAMENTO,USADO,LOS CONQUISTADORES,5.0,106,29,470000000.0,4433962.0,-75.57890994,6.24055183,2022,5,18
184121.0,18-05-2022,VENTA,APARTAMENTO,NUEVO,ZONA EXPANSION PAJARITO,3.0,52,17,178000000.0,3423077.0,-75.60927162,6.28522799,2022,5,18
184122.0,18-05-2022,VENTA,APARTAMENTO,USADO,LOS CONQUISTADORES,5.0,112,28,465000000.0,4151786.0,-75.58037359,6.23996119,2022,5,18
184126.0,18-05-2022,VENTA,APARTAMENTO,USADO,LOS CONQUISTADORES,5.0,104,256,700000000.0,6730769.0,-75.58027097,6.24170426,2022,5,18
184127.0,18-05-2022,VENTA,APARTAMENTO,USADO,LOS CONQUISTADORES,5.0,104,256,700000000.0,6730769.0,-75.58027097,6.24170426,2022,5,18
184128.0,18-05-2022,VENTA,APARTAMENTO,USADO,ASOMADERA # 1,4.0,83,0,388000000.0,4674699.0,-75.56377794,6.2274137,2022,5,18
184130.0,18-05-2022,VENTA,APARTAMENTO,USADO,LOS CONQUISTADORES,5.0,104,256,700000000.0,6730769.0,-75.58027097,6.24170426,2022,5,18
184148.0,18-05-2022,VENTA,APARTAMENTO,USADO,SURAMERICANA,4.0,73,14,320000000.0,4383562.0,-75.58450691,6.25625402,2022,5,18
184164.0,18-05-2022,VENTA,APARTAMENTO,USADO,LAURELES,5.0,90,24,570000000.0,6333333.0,-75.59438678,6.24747592,2022,5,18
184177.0,18-05-2022,VENTA,APARTAMENTO,USADO,LORENA,5.0,111,34,470000000.0,4234234.0,-75.59279406,6.24801386,2022,5,18
184183.0,18-05-2022,VENTA,APARTAMENTO,USADO,EL ESTADIO,4.0,126,40,310000000.0,2460317.0,-75.59084906,6.26050748,2022,5,18
184225.0,19-05-2022,VENTA,APARTAMENTO,USADO,LAS ACACIAS,5.0,64,23,320000000.0,5000000.0,-75.60235815,6.24417522,2022,5,19
184247.0,19-05-2022,VENTA,APARTAMENTO,USADO,NUEVA VILLA DE ABURRA,5.0,110,37,360000000.0,3272727.0,-75.60254842,6.23476348,2022,5,19
184254.0,19-05-2022,VENTA,APARTAMENTO,USADO,NUEVA VILLA DE ABURRA,5.0,98,30,350000000.0,3571429.0,-75.60254842,6.23476348,2022,5,19
184258.0,19-05-2022,VENTA,APARTAMENTO,USADO,NUEVA VILLA DE ABURRA,5.0,120,37,460000000.0,3833333.0,-75.60254842,6.23476348,2022,5,19
184295.0,19-05-2022,VENTA,APARTAMENTO,USADO,LA PILARICA,5.0,78,24,335000000.0,4294872.0,-75.58425189,6.2734398,2022,5,19
184311.0,20-05-2022,VENTA,APARTAMENTO,USADO,LA MOTA,4.0,130,128,480000000.0,3692308.0,-75.60086378,6.20904209,2022,5,20
184314.0,20-05-2022,VENTA,APARTAMENTO,USADO,LA MOTA,4.0,130,128,480000000.0,3692308.0,-75.60086378,6.20904209,2022,5,20
184315.0,20-05-2022,VENTA,APARTAMENTO,NUEVO,LA HONDONADA,4.0,59,29,205000000.0,3474576.0,-75.60443256,6.20320919,2022,5,20
184320.0,20-05-2022,VENTA,APARTAMENTO,USADO,LA HONDONADA,4.0,65,45,205000000.0,3153846.0,-75.59922827,6.20415612,2022,5,20
184321.0,20-05-2022,VENTA,APARTAMENTO,NUEVO,LA PALMA,5.0,93,26,556000000.0,5978495.0,-75.60026339,6.22919255,2022,5,20
184324.0,20-05-2022,VENTA,APARTAMENTO,USADO,LOS COLORES,5.0,123,300,752209000.0,6115520.0,-75.59444875,6.26435541,2022,5,20
184325.0,20-05-2022,VENTA,APARTAMENTO,USADO,LOS COLORES,5.0,138,300,848200000.0,6146377.0,-75.59444875,6.26435541,2022,5,20
184326.0,20-05-2022,VENTA,APARTAMENTO,USADO,LOS COLORES,5.0,123,300,752209000.0,6115520.0,-75.59444875,6.26435541,2022,5,20
184328.0,20-05-2022,VENTA,APARTAMENTO,USADO,LOS CONQUISTADORES,5.0,112,28,460000000.0,4107143.0,-75.58037359,6.23996119,2022,5,20
184329.0,20-05-2022,VENTA,APARTAMENTO,NUEVO,LOS CONQUISTADORES,5.0,116,313,565000000.0,4870690.0,-75.58209427,6.24312658,2022,5,20
184330.0,20-05-2022,VENTA,APARTAMENTO,USADO,LOS CONQUISTADORES,5.0,142,47,430000000.0,3028169.0,-75.58225704,6.24024792,2022,5,20
184331.0,20-05-2022,VENTA,APARTAMENTO,USADO,LOS CONQUISTADORES,5.0,109,28,440000000.0,4036697.0,-75.57926532,6.24007225,2022,5,20
184340.0,23-05-2022,VENTA,APARTAMENTO,USADO,FLORIDA NUEVA,4.0,116,42,320000000.0,2758621.0,-75.58948283,6.24981086,2022,5,23
184347.0,23-05-2022,VENTA,APARTAMENTO,USADO,LOS PINOS,4.0,200,93,530000000.0,2650000.0,-75.60115901,6.25163047,2022,5,23
184352.0,23-05-2022,VENTA,APARTAMENTO,USADO,BARRIO CAICEDO,3.0,97,0,305000000.0,3144330.0,-75.55723095,6.24431402,2022,5,23
184354.0,23-05-2022,VENTA,APARTAMENTO,USADO,MIRAFLORES,3.0,62,0,200000000.0,3225806.0,-75.54801708,6.23812873,2022,5,23
184355.0,23-05-2022,VENTA,APARTAMENTO,USADO,ALEJANDRO ECHAVARRIA,3.0,71,134,250000000.0,3521127.0,-75.54656613,6.23835206,2022,5,23
184358.0,23-05-2022,VENTA,APARTAMENTO,USADO,BERLIN,3.0,240,121,380000000.0,1583333.0,-75.5556687,6.28688566,2022,5,23
184359.0,23-05-2022,VENTA,APARTAMENTO,USADO,LA PILARICA,3.0,38,607,168000000.0,4421053.0,-75.58682022,6.27968294,2022,5,23
184362.0,23-05-2022,VENTA,APARTAMENTO,USADO,LA PILARICA,3.0,38,607,168000000.0,4421053.0,-75.58682022,6.27968294,2022,5,23
184363.0,23-05-2022,VENTA,APARTAMENTO,USADO,BERLIN,3.0,102,77,195000000.0,1911765.0,-75.55395786,6.28597034,2022,5,23
184365.0,23-05-2022,VENTA,APARTAMENTO,USADO,LOPEZ DE MESA,3.0,126,73,230000000.0,1825397.0,-75.58014782,6.2834458,2022,5,23
184369.0,23-05-2022,VENTA,APARTAMENTO,USADO,AURES # 2,3.0,82,22,77000000.0,939024.0,-75.59013541,6.28969364,2022,5,23
184371.0,23-05-2022,VENTA,APARTAMENTO,USADO,CAMPO VALDES # 1,3.0,160,114,350000000.0,2187500.0,-75.55494073,6.27313336,2022,5,23
184372.0,23-05-2022,VENTA,APARTAMENTO,NUEVO,BARRIO DE JESUS,3.0,48,15,135000000.0,2812500.0,-75.53509508,6.22865123,2022,5,23
184375.0,23-05-2022,VENTA,APARTAMENTO,NUEVO,CASTROPOL,5.0,89,29,428000000.0,4808989.0,-75.56913845,6.21804796,2022,5,23
184383.0,23-05-2022,VENTA,APARTAMENTO,USADO,CAMPO VALDES # 1,3.0,41,0,100000000.0,2439024.0,-75.55561298,6.271051,2022,5,23
184385.0,23-05-2022,VENTA,APARTAMENTO,USADO,PRADO,4.0,142,0,290000000.0,2042254.0,-75.55841919,6.26172964,2022,5,23
184399.0,23-05-2022,VENTA,APARTAMENTO,USADO,VILLA NUEVA,4.0,300,57,600000000.0,2000000.0,-75.56396123,6.25287942,2022,5,23
184402.0,23-05-2022,VENTA,APARTAMENTO,USADO,VILLA NUEVA,4.0,120,21,20000000.0,166667.0,-75.56396123,6.25287942,2022,5,23
184427.0,23-05-2022,VENTA,APARTAMENTO,USADO,LA CANDELARIA,4.0,78,0,297000000.0,3807692.0,-75.56786479,6.25294757,2022,5,23
184457.0,24-05-2022,VENTA,APARTAMENTO,USADO,EL VELODROMO,4.0,156,81,650000000.0,4175499.0,-75.59365092,6.25157123,2022,5,24
184492.0,24-05-2022,VENTA,APARTAMENTO,USADO,LORENA,5.0,100,31,380000000.0,3800000.0,-75.59390012,6.24808322,2022,5,24
184540.0,27-05-2022,VENTA,APARTAMENTO,USADO,VILLA CARLOTA,5.0,80,68,415000000.0,5187500.0,-75.57426652,6.2214857,2022,5,27
181453.0,14-01-2022,VENTA,BODEGA,USADO,GUAYABAL,0.0,1524,380,4800000000.0,3149606.0,-75.59046421,6.19547208,2022,1,14
181457.0,14-01-2022,VENTA,BODEGA,USADO,TRINIDAD,0.0,294,441,1300000000.0,4421769.0,-75.58038779,6.228581,2022,1,14
181458.0,14-01-2022,VENTA,BODEGA,USADO,TRINIDAD,0.0,400,267,1600000000.0,4000000.0,-75.58682689,6.2251816,2022,1,14
181459.0,17-01-2022,VENTA,BODEGA,USADO,CAMPO AMOR,0.0,1000,750,4100000000.0,4100000.0,-75.58275954,6.2170739,2022,1,17
181460.0,17-01-2022,VENTA,BODEGA,USADO,GUAYABAL,0.0,2026,1558,10000000000.0,4935834.0,-75.58750793,6.19956013,2022,1,17
181465.0,17-01-2022,VENTA,BODEGA,USADO,LA COLINA,0.0,2200,1670,5000000000.0,2272727.0,-75.59187941,6.19609126,2022,1,17
181467.0,17-01-2022,VENTA,BODEGA,USADO,TRINIDAD,0.0,1697,335,5300000000.0,3123159.0,-75.58493831,6.22675843,2022,1,17
181469.0,17-01-2022,VENTA,BODEGA,USADO,TRINIDAD,0.0,240,225,650000000.0,2708333.0,-75.58286985,6.22719166,2022,1,17
181470.0,17-01-2022,VENTA,BODEGA,USADO,GUAYABAL,0.0,381,420,1800000000.0,4724409.0,-75.58924464,6.19631513,2022,1,17
181480.0,17-01-2022,VENTA,BODEGA,USADO,SANTA FE,0.0,2040,377,12240000000.0,6000000.0,-75.57748555,6.22713761,2022,1,17
181487.0,17-01-2022,VENTA,BODEGA,USADO,CAMPO AMOR,0.0,1100,20569,3500000000.0,3181818.0,-75.58503874,6.21763938,2022,1,17
181490.0,17-01-2022,VENTA,BODEGA,USADO,TENCHE,0.0,600,196,1800000000.0,3000000.0,-75.58044407,6.23029956,2022,1,17
181492.0,17-01-2022,VENTA,BODEGA,USADO,TRINIDAD,0.0,200,70,610000000.0,3050000.0,-75.58127683,6.22886448,2022,1,17
181493.0,17-01-2022,VENTA,BODEGA,USADO,SANTA FE,0.0,850,726,2400000000.0,2823529.0,-75.58475949,6.22375935,2022,1,17
181497.0,18-01-2022,VENTA,BODEGA,USADO,TENCHE,0.0,300,313,1950000000.0,6500000.0,-75.57941213,6.23144879,2022,1,18
181526.0,19-01-2022,VENTA,BODEGA,NUEVO,BELEN,0.0,370,323,850000000.0,2297297.0,-75.60561121,6.23127133,2022,1,19
181590.0,20-01-2022,VENTA,BODEGA,USADO,PRADO,0.0,290,169,660000000.0,2275862.0,-75.56253712,6.25814767,2022,1,20
181776.0,27-01-2022,VENTA,BODEGA,USADO,EL DANUBIO,0.0,504,162,1200000000.0,2380952.0,-75.60874534,6.25362595,2022,1,27
182186.0,14-03-2022,VENTA,BODEGA,USADO,CERRO  VOLADOR,0.0,855,2900,1803000000.0,2108772.0,-75.58463684,6.2725227,2022,3,14
182555.0,22-03-2022,VENTA,BODEGA,USADO,LOS ALCAZARES,0.0,168,106,550000000.0,3273810.0,-75.60428574,6.26213407,2022,3,22
182731.0,29-03-2022,VENTA,BODEGA,USADO,BARRIO COLOMBIA,0.0,135,32,500000000.0,3703704.0,-75.57307909,6.2272193,2022,3,29
182957.0,18-04-2022,VENTA,BODEGA,USADO,SEVILLA,0.0,450,372,2000000000.0,4444444.0,-75.5634517,6.26792385,2022,4,18
183532.0,04-05-2022,VENTA,BODEGA,USADO,CALLE NUEVA,0.0,1388,578,2850000000.0,2053314.0,-75.57202619,6.23979652,2022,5,4
183909.0,12-05-2022,VENTA,BODEGA,USADO,BARRIO COLOMBIA,0.0,468,168,3200000000.0,6837607.0,-75.57372422,6.22752773,2022,5,12
183916.0,12-05-2022,VENTA,BODEGA,USADO,EL CHAGUALO,0.0,325,167,840000000.0,2584615.0,-75.57122101,6.26251832,2022,5,12
183918.0,12-05-2022,VENTA,BODEGA,USADO,TENCHE,0.0,600,196,1800000000.0,3000000.0,-75.58044407,6.23029956,2022,5,12
181500.0,18-01-2022,VENTA,CASA,USADO,LA AMERICA,4.0,204,98,460200000.0,2255882.0,-75.60372053,6.25089986,2022,1,18
181501.0,18-01-2022,VENTA,CASA,USADO,LA AMERICA,4.0,250,134,545500000.0,2182000.0,-75.60362415,6.2509897,2022,1,18
181546.0,19-01-2022,VENTA,CASA,USADO,PRADO,4.0,277,291,640000000.0,2310469.0,-75.5641758,6.25869928,2022,1,19
181547.0,19-01-2022,VENTA,CASA,USADO,PRADO,4.0,238,249,400000000.0,1680672.0,-75.56372884,6.25939248,2022,1,19
181569.0,19-01-2022,VENTA,CASA,USADO,PRADO,4.0,649,522,1450000000.0,2234206.0,-75.56336557,6.25979427,2022,1,19
181583.0,20-01-2022,VENTA,CASA,USADO,PRADO,4.0,210,165,740000000.0,3523810.0,-75.56318071,6.25627576,2022,1,20
181584.0,20-01-2022,VENTA,CASA,USADO,PRADO,4.0,275,295,710000000.0,2581818.0,-75.56293915,6.25656341,2022,1,20
181598.0,20-01-2022,VENTA,CASA,USADO,PRADO,4.0,591,445,900000000.0,1522843.0,-75.56364463,6.25751209,2022,1,20
181603.0,20-01-2022,VENTA,CASA,USADO,MANRIQUE CENTRAL # 1,3.0,227,190,640000000.0,2819383.0,-75.55603005,6.26436554,2022,1,20
181604.0,20-01-2022,VENTA,CASA,USADO,PRADO,4.0,504,485,800000000.0,1587302.0,-75.56066161,6.26117201,2022,1,20
181611.0,20-01-2022,VENTA,CASA,USADO,PRADO,4.0,508,277,1100000000.0,2165354.0,-75.56181756,6.25913432,2022,1,20
181632.0,21-01-2022,VENTA,CASA,USADO,LOS COLORES,5.0,250,250,1100000000.0,4400000.0,-75.59457212,6.26410382,2022,1,21
181669.0,24-01-2022,VENTA,CASA,USADO,LOS ANGELES,4.0,521,343,740000000.0,1420345.0,-75.55800201,6.25345871,2022,1,24
181676.0,24-01-2022,VENTA,CASA,USADO,SAN MIGUEL,4.0,422,213,900000000.0,2132701.0,-75.55806534,6.25419263,2022,1,24
181682.0,24-01-2022,VENTA,CASA,USADO,SAN MIGUEL,4.0,460,393,1780000000.0,3869565.0,-75.5581578,6.2543647,2022,1,24
181721.0,26-01-2022,VENTA,CASA,USADO,PRADO,4.0,238,133,360000000.0,1512605.0,-75.5605938,6.25821134,2022,1,26
181742.0,26-01-2022,VENTA,CASA,USADO,PRADO,4.0,261,153,540000000.0,2068966.0,-75.55881817,6.25901583,2022,1,26
181750.0,26-01-2022,VENTA,CASA,USADO,PRADO,3.0,64,69,250000000.0,3906250.0,-75.55987467,6.25811333,2022,1,26
181759.0,26-01-2022,VENTA,CASA,USADO,PRADO,4.0,373,355,1250000000.0,3351206.0,-75.559569,6.26059741,2022,1,26
181766.0,26-01-2022,VENTA,CASA,USADO,PRADO,4.0,381,322,790000000.0,2073491.0,-75.56188239,6.25697194,2022,1,26
181771.0,27-01-2022,VENTA,CASA,USADO,LOS ANGELES,4.0,120,94,320000000.0,2666667.0,-75.55899605,6.25358338,2022,1,27
181782.0,27-01-2022,VENTA,CASA,USADO,SAN MIGUEL,4.0,197,126,450000000.0,2284264.0,-75.55608048,6.25381508,2022,1,27
181786.0,27-01-2022,VENTA,CASA,USADO,SAN MIGUEL,4.0,422,249,900000000.0,2132701.0,-75.55798655,6.25413746,2022,1,27
181807.0,27-01-2022,VENTA,CASA,USADO,LOS ANGELES,4.0,491,624,1350000000.0,2749491.0,-75.55942348,6.25403323,2022,1,27
181834.0,27-01-2022,VENTA,CASA,USADO,LOS ANGELES,4.0,164,152,480000000.0,2926829.0,-75.56023881,6.25527626,2022,1,27
181857.0,28-01-2022,VENTA,CASA,USADO,LOS ANGELES,4.0,205,84,580000000.0,2829268.0,-75.558975,6.2544692,2022,1,28
181877.0,28-01-2022,VENTA,CASA,USADO,TEJELO,3.0,103,98,360000000.0,3495146.0,-75.57126612,6.3076946,2022,1,28
181891.0,11-02-2022,VENTA,CASA,USADO,VDA LAS PALMAS,6.0,690,1547,3950000000.0,5724638.0,-75.54451223,6.20789946,2022,2,11
181937.0,21-02-2022,VENTA,CASA,USADO,GERONA,3.0,250,197,470000000.0,1880000.0,-75.5605713,6.24134234,2022,2,21
181939.0,21-02-2022,VENTA,CASA,USADO,EL SALVADOR,3.0,235,288,450000000.0,1914894.0,-75.56139373,6.24218226,2022,2,21
181951.0,23-02-2022,VENTA,CASA UNIDAD CERRADA,USADO,SUBURBANO MIRADOR DEL POBLADO,6.0,1221,2245,10900000000.0,6096197.0,-75.54382084,6.21432718,2022,2,23
182022.0,28-02-2022,VENTA,CASA,USADO,CALASANZ,4.0,219,150,780000000.0,3561644.0,-75.6003261,6.26374241,2022,2,28
182041.0,01-03-2022,VENTA,CASA,USADO,LOS ALCAZARES,3.0,163,126,530000000.0,3251534.0,-75.60842054,6.25877209,2022,3,1
182047.0,01-03-2022,VENTA,CASA,USADO,ZONA DE EXPANSION ALTAVISTA,2.0,94,32,90000000.0,957447.0,-75.61452177,6.21940735,2022,3,1
182061.0,02-03-2022,VENTA,CASA,USADO,SUBURB. BUGA - PATIO BONITO,1.0,60,0,60000000.0,1000000.0,-75.63750077,6.22145253,2022,3,2
182075.0,02-03-2022,VENTA,CASA,USADO,CASTROPOL,6.0,520,945,2500000000.0,4807692.0,-75.56837778,6.22212498,2022,3,2
182084.0,02-03-2022,VENTA,CASA,USADO,LOS BALSOS # 1,6.0,2644,2387,9500000000.0,3593041.0,-75.56092158,6.18838417,2022,3,2
182086.0,02-03-2022,VENTA,CASA UNIDAD CERRADA,USADO,SUBURBANO EL TESORO,6.0,1100,1573,4500000000.0,4090909.0,-75.55484238,6.18023879,2022,3,2
182195.0,14-03-2022,VENTA,CASA UNIDAD CERRADA,USADO,LOS NARANJOS,6.0,440,1823,2377000000.0,5402273.0,-75.5608107,6.19542233,2022,3,14
182218.0,14-03-2022,VENTA,CASA UNIDAD CERRADA,USADO,BOYACA,3.0,145,85,288000000.0,1986207.0,-75.56624179,6.30428953,2022,3,14
182453.0,17-03-2022,VENTA,CASA,USADO,ALFONSO LOPEZ,2.0,50,36,130000000.0,2600000.0,-75.57960355,6.28448195,2022,3,17
182663.0,24-03-2022,VENTA,CASA UNIDAD CERRADA,USADO,MONTECLARO,2.0,64,36,180000000.0,2812500.0,-75.60037574,6.28670916,2022,3,24
182665.0,24-03-2022,VENTA,CASA,USADO,MANRIQUE CENTRAL # 1,3.0,168,229,550000000.0,2401747.0,-75.55626584,6.26745379,2022,3,24
182701.0,26-03-2022,VENTA,CASA,USADO,VILLA NUEVA,4.0,256,282,1080000000.0,4218750.0,-75.56187374,6.25281786,2022,3,26
182940.0,08-04-2022,VENTA,CASA,USADO,FATIMA,5.0,245,228,1036000000.0,4228571.0,-75.58630632,6.23452729,2022,4,8
182941.0,08-04-2022,VENTA,CASA UNIDAD CERRADA,USADO,LA GLORIA,5.0,139,147,454000000.0,3266187.0,-75.6026883,6.22185546,2022,4,8
182942.0,08-04-2022,VENTA,CASA,USADO,TRINIDAD,3.0,142,76,216000000.0,1521127.0,-75.58509491,6.22523007,2022,4,8
183073.0,25-04-2022,VENTA,CASA,USADO,BUENOS AIRES,3.0,160,115,450000000.0,2812500.0,-75.5597083,6.24191887,2022,4,25
183089.0,25-04-2022,VENTA,CASA,USADO,GERONA,3.0,163,216,200000000.0,1226994.0,-75.56039003,6.24174134,2022,4,25
183093.0,26-04-2022,VENTA,CASA,USADO,SAN DIEGO,2.0,111,30,400000000.0,3603604.0,-75.56744362,6.23756809,2022,4,26
183096.0,26-04-2022,VENTA,CASA,USADO,LAS PALMAS,2.0,233,91,300000000.0,1287554.0,-75.56760782,6.2410454,2022,4,26
183106.0,26-04-2022,VENTA,CASA,USADO,LAS PALMAS,3.0,144,142,300000000.0,2083333.0,-75.56401097,6.24022782,2022,4,26
183490.0,02-05-2022,VENTA,CASA,USADO,GERONA,3.0,221,265,930000000.0,4208145.0,-75.56065007,6.24172868,2022,5,2
183520.0,03-05-2022,VENTA,CASA,USADO,MIRANDA,2.0,120,113,330000000.0,2750000.0,-75.56236988,6.27686516,2022,5,3
183566.0,05-05-2022,VENTA,CASA,USADO,VDA ALTAVISTA,2.0,20,0,57000000.0,2850000.0,-75.60792455,6.20920047,2022,5,5
183592.0,06-05-2022,VENTA,CASA,USADO,CABECERA SAN ANTONIO DE PRADO,3.0,280,281,450000000.0,1607143.0,-75.65218394,6.18589977,2022,5,6
183595.0,06-05-2022,VENTA,CASA,USADO,ROSALES,5.0,232,232,1100000000.0,4741379.0,-75.59123842,6.23651532,2022,5,6
183597.0,06-05-2022,VENTA,CASA,USADO,CAMPO AMOR,4.0,195,173,860000000.0,4410256.0,-75.58576665,6.21214103,2022,5,6
183599.0,06-05-2022,VENTA,CASA,USADO,ROSALES,5.0,235,235,1050000000.0,4468085.0,-75.59382781,6.23636206,2022,5,6
183637.0,09-05-2022,VENTA,CASA,USADO,LOS COLORES,4.0,240,202,1100000000.0,4583333.0,-75.59279126,6.26763747,2022,5,9
183638.0,09-05-2022,VENTA,CASA,USADO,LOS COLORES,5.0,219,228,890000000.0,4063927.0,-75.59328735,6.26925979,2022,5,9
183640.0,09-05-2022,VENTA,CASA,USADO,LOS COLORES,4.0,198,184,940000000.0,4747475.0,-75.59442798,6.26899744,2022,5,9
183643.0,09-05-2022,VENTA,CASA,USADO,CUCARACHO,3.0,89,179,330000000.0,3707865.0,-75.60693687,6.28146442,2022,5,9
183644.0,09-05-2022,VENTA,CASA,USADO,LOS COLORES,5.0,180,180,920000000.0,5111111.0,-75.59267558,6.26779078,2022,5,9
183646.0,09-05-2022,VENTA,CASA,USADO,LOS COLORES,5.0,204,182,940000000.0,4607843.0,-75.59155687,6.26695585,2022,5,9
183648.0,09-05-2022,VENTA,CASA,USADO,PAJARITO,3.0,230,36,230000000.0,1000000.0,-75.60896002,6.28435638,2022,5,9
183667.0,09-05-2022,VENTA,CASA,USADO,CABECERA SAN CRISTOBAL,3.0,300,96,450000000.0,1500000.0,-75.63285883,6.27744511,2022,5,9
183682.0,09-05-2022,VENTA,CASA,USADO,ROBLEDO,3.0,215,256,510000000.0,2372093.0,-75.59686152,6.27641808,2022,5,9
183684.0,09-05-2022,VENTA,CASA,USADO,CABECERA SAN CRISTOBAL,3.0,103,368,380000000.0,3689320.0,-75.63544406,6.27702694,2022,5,9
183701.0,10-05-2022,VENTA,CASA,USADO,LOS COLORES,5.0,207,202,1080000000.0,5217391.0,-75.59279126,6.26763747,2022,5,10
183703.0,10-05-2022,VENTA,CASA,USADO,LOS COLORES,5.0,233,248,975000000.0,4184549.0,-75.59449233,6.26426654,2022,5,10
183738.0,10-05-2022,VENTA,CASA,USADO,BELEN,4.0,266,144,980000000.0,3684211.0,-75.6014808,6.23255024,2022,5,10
183760.0,10-05-2022,VENTA,CASA,USADO,LOS COLORES,4.0,230,250,975000000.0,4239130.0,-75.59457212,6.26410382,2022,5,10
183764.0,11-05-2022,VENTA,CASA,USADO,LA CASTELLANA,5.0,108,107,560000000.0,5185185.0,-75.60525204,6.23770126,2022,5,11
183765.0,11-05-2022,VENTA,CASA,USADO,LOS CONQUISTADORES,4.0,310,268,570000000.0,1838710.0,-75.58767642,6.23969431,2022,5,11
183794.0,11-05-2022,VENTA,CASA,USADO,MIRAVALLE,5.0,194,145,845000000.0,4355670.0,-75.60167321,6.23687031,2022,5,11
183914.0,11-05-2022,VENTA,CASA,USADO,SANTA MONICA,4.0,160,160,385000000.0,2406250.0,-75.61511507,6.24497528,2022,5,11
183940.0,13-05-2022,VENTA,CASA,USADO,EL DIAMANTE # 2,6.0,190,1854,680000000.0,3578947.0,-75.57615716,6.18784205,2022,5,13
183941.0,13-05-2022,VENTA,CASA,USADO,LA CASTELLANA,5.0,133,120,800000000.0,6015038.0,-75.606493,6.24026678,2022,5,13
183954.0,13-05-2022,VENTA,CASA,USADO,ARANJUEZ,3.0,189,189,350000000.0,1851852.0,-75.5623041,6.27931941,2022,5,13
183959.0,13-05-2022,VENTA,CASA,USADO,ARANJUEZ,3.0,134,65,320000000.0,2388060.0,-75.56084623,6.28204635,2022,5,13
183960.0,13-05-2022,VENTA,CASA,USADO,LORENA,5.0,94,47,360000000.0,3829787.0,-75.5998635,6.24802193,2022,5,13
183985.0,13-05-2022,VENTA,CASA,USADO,LAS ACACIAS,5.0,195,115,650000000.0,3333333.0,-75.6020078,6.24017218,2022,5,13
183997.0,13-05-2022,VENTA,CASA,USADO,LA CASTELLANA,5.0,100,72,698000000.0,6980000.0,-75.6055173,6.24368209,2022,5,13
184012.0,13-05-2022,VENTA,CASA,USADO,BELENCITO,4.0,119,108,340000000.0,2857143.0,-75.61584673,6.25248432,2022,5,13
184036.0,16-05-2022,VENTA,CASA,USADO,BELENCITO,4.0,200,132,640000000.0,3200000.0,-75.61602244,6.24958828,2022,5,16
184042.0,16-05-2022,VENTA,CASA,USADO,LA MILAGROSA,3.0,165,166,390000000.0,2363636.0,-75.55395743,6.23729163,2022,5,16
184078.0,17-05-2022,VENTA,CASA,USADO,LOS CONQUISTADORES,4.0,148,96,650000000.0,4391892.0,-75.58246331,6.24099123,2022,5,17
184092.0,17-05-2022,VENTA,CASA,USADO,LOS CONQUISTADORES,5.0,371,371,1650000000.0,4447439.0,-75.5839135,6.24398497,2022,5,17
184102.0,18-05-2022,VENTA,CASA,USADO,LAURELES,5.0,360,129,920000000.0,2555556.0,-75.59387779,6.24285561,2022,5,18
184196.0,18-05-2022,VENTA,CASA,USADO,LA AMERICA,4.0,202,246,1230000000.0,6089109.0,-75.60108975,6.25305903,2022,5,18
184290.0,19-05-2022,VENTA,CASA,USADO,LA CASTELLANA,5.0,315,144,750000000.0,2380952.0,-75.60445201,6.2402043,2022,5,19
184339.0,23-05-2022,VENTA,CASA,USADO,CAMPO VALDES # 2,3.0,110,153,180000000.0,1636364.0,-75.554435,6.26967358,2022,5,23
184357.0,23-05-2022,VENTA,CASA,USADO,LOS COLORES,4.0,234,235,700000000.0,2991453.0,-75.59477983,6.26747182,2022,5,23
184388.0,23-05-2022,VENTA,CASA,USADO,PRADO,4.0,373,355,1150000000.0,3083110.0,-75.559569,6.26059741,2022,5,23
184390.0,23-05-2022,VENTA,CASA,USADO,PRADO,3.0,224,127,580000000.0,2589286.0,-75.56005707,6.25971078,2022,5,23
184486.0,24-05-2022,VENTA,CASA,USADO,MIRANDA,3.0,138,39,320000000.0,2318841.0,-75.5613386,6.27718619,2022,5,24
184497.0,24-05-2022,VENTA,CASA,USADO,VILLA NUEVA,4.0,164,102,460000000.0,2804878.0,-75.56013459,6.25268902,2022,5,24
181447.0,14-01-2022,VENTA,LOTE,USADO,VDA LAS PALMAS,6.0,0,20000,1200000000.0,60000.0,-75.55011617,6.17804828,2022,1,14
181448.0,14-01-2022,VENTA,LOTE,USADO,ALEJANDRIA,6.0,0,1753,5200000000.0,2966343.0,-75.5655126,6.20047952,2022,1,14
181449.0,14-01-2022,VENTA,LOTE,USADO,LA AGUACATALA,6.0,0,2507,5600000000.0,2233746.0,-75.57733618,6.19703275,2022,1,14
181454.0,14-01-2022,VENTA,LOTE,USADO,CERRO NUTIBARA,2.0,0,457,1300000000.0,2844639.0,-75.58183227,6.23363617,2022,1,14
181455.0,14-01-2022,VENTA,LOTE,USADO,BOMBONA # 1,4.0,0,384,1912000000.0,4979167.0,-75.56163737,6.24404324,2022,1,14
181494.0,18-01-2022,VENTA,FINCA,USADO,VDA LA OCULTA,2.0,174,19600,750000000.0,4310345.0,-75.67529654,6.19667741,2022,1,18
181498.0,18-01-2022,VENTA,FINCA,USADO,VDA POTRERITO,2.0,385,25000,1500000000.0,3896104.0,-75.67393462,6.18354022,2022,1,18
181730.0,26-01-2022,VENTA,LOTE,USADO,PRADO,3.0,0,382,500000000.0,1308901.0,-75.55870986,6.26115614,2022,1,26
181889.0,10-02-2022,VENTA,LOTE,USADO,SUBURBANO CHACALTAYA,0.0,0,13989,3500000000.0,250197.0,-75.5433496,6.17810201,2022,2,10
181890.0,10-02-2022,VENTA,LOTE,USADO,CASTROPOL,5.0,0,16234,40000000000.0,2463965.0,-75.56617807,6.222389,2022,2,10
181902.0,14-02-2022,VENTA,LOTE,USADO,VDA LA VERDE,0.0,0,2212,265440000.0,120000.0,-75.6415989,6.18868964,2022,2,14
181905.0,15-02-2022,VENTA,FINCA,USADO,VDA LA VERDE,2.0,180,256000,2900000000.0,16111111.0,-75.63109762,6.18821503,2022,2,15
181907.0,15-02-2022,VENTA,LOTE,USADO,CABECERA SAN ANTONIO DE PRADO,0.0,0,28464,2849999872.0,100126.0,-75.64748339,6.18832171,2022,2,15
181908.0,15-02-2022,VENTA,LOTE,USADO,CABECERA SAN ANTONIO DE PRADO,0.0,0,47750,5200000000.0,108901.0,-75.65067399,6.18103955,2022,2,15
181910.0,15-02-2022,VENTA,LOTE,USADO,CABECERA SAN ANTONIO DE PRADO,0.0,0,5982,2100000000.0,351053.0,-75.64775335,6.1797028,2022,2,15
181913.0,15-02-2022,VENTA,LOTE,USADO,SUBURBANO POTRERITO,0.0,0,2140,490000000.0,228972.0,-75.66894166,6.18035295,2022,2,15
181920.0,15-02-2022,VENTA,LOTE,USADO,VDA LA VERDE,0.0,0,36290,440000000.0,12125.0,-75.6401398,6.20537343,2022,2,15
181926.0,16-02-2022,VENTA,LOTE,USADO,CABECERA SAN ANTONIO DE PRADO,0.0,0,24471,2100000000.0,85816.0,-75.6492226,6.18865938,2022,2,16
181931.0,18-02-2022,VENTA,LOTE,USADO,BOMBONA # 1,0.0,0,359,1788000000.0,4980501.0,-75.56174412,6.24404894,2022,2,18
181936.0,21-02-2022,VENTA,LOTE,USADO,GERONA,0.0,0,265,950000000.0,3584906.0,-75.56065007,6.24172868,2022,2,21
182002.0,24-02-2022,VENTA,LOTE,USADO,CALASANZ,0.0,0,394,1480000000.0,3756345.0,-75.59878189,6.26293062,2022,2,24
182018.0,28-02-2022,VENTA,LOTE,USADO,LOS PINOS,0.0,0,226,1000000000.0,4424779.0,-75.59676008,6.25383576,2022,2,28
182067.0,02-03-2022,VENTA,LOTE,USADO,VDA LAS PALMAS,0.0,0,1500,1050000000.0,700000.0,-75.55110902,6.18540934,2022,3,2
182068.0,02-03-2022,VENTA,LOTE,USADO,VDA LA LOMA,0.0,0,10333,1100000000.0,106455.0,-75.62982572,6.26166884,2022,3,2
182069.0,02-03-2022,VENTA,LOTE,USADO,VDA LAS PALMAS,0.0,0,2268,1800000000.0,793520.0,-75.55045823,6.1995694,2022,3,2
182079.0,02-03-2022,VENTA,LOTE,USADO,SAN LUCAS,0.0,0,1258,2721585333.0,2163422.0,-75.5667047,6.18505783,2022,3,2
182080.0,02-03-2022,VENTA,LOTE,USADO,SAN LUCAS,0.0,0,1234,1851000000.0,1500000.0,-75.56673817,6.18466238,2022,3,2
182081.0,02-03-2022,VENTA,LOTE,USADO,SAN LUCAS,0.0,0,951,2057414667.0,2163422.0,-75.56695224,6.18428624,2022,3,2
182952.0,18-04-2022,VENTA,LOTE,USADO,EL TESORO,0.0,0,1750,1100000000.0,628571.0,-75.55007313,6.20538467,2022,4,18
183057.0,21-04-2022,VENTA,LOTE,USADO,VILLA CARLOTA,0.0,0,4232,28000000000.0,6616257.0,-75.57550277,6.22545708,2022,4,21
183502.0,02-05-2022,VENTA,LOTE,USADO,VDA EL UVITO,0.0,0,15000,240000000.0,16000.0,-75.66402871,6.2975604,2022,5,2
183503.0,02-05-2022,VENTA,LOTE,USADO,TRINIDAD,3.0,0,236,1133400000.0,4802542.0,-75.58561281,6.2254163,2022,5,2
183504.0,02-05-2022,VENTA,LOTE,USADO,VDA MEDIA LUNA,0.0,0,6400,823000000.0,128594.0,-75.51413804,6.2340981,2022,5,2
183553.0,04-05-2022,VENTA,FINCA,USADO,VDA ALTAVISTA,4.0,553,18256,1780000000.0,3218807.0,-75.62963227,6.20713014,2022,5,4
183554.0,04-05-2022,VENTA,FINCA,USADO,VDA AGUAS FRIAS,5.0,2000,12169,2900000000.0,1450000.0,-75.64113885,6.23385386,2022,5,4
183591.0,05-05-2022,VENTA,LOTE,USADO,VDA ALTAVISTA,0.0,0,97760,15641600000.0,160000.0,-75.62210385,6.20851958,2022,5,5
183636.0,09-05-2022,VENTA,LOTE,USADO,LOS COLORES,0.0,0,221,870000000.0,3936652.0,-75.59338456,6.26928891,2022,5,9
183944.0,13-05-2022,VENTA,LOTE,USADO,BUENOS AIRES,0.0,0,112,400000000.0,3571429.0,-75.559658,6.24187926,2022,5,13
183990.0,13-05-2022,VENTA,LOTE,USADO,LA PILARICA,5.0,0,633,1406000000.0,2221169.0,-75.58466725,6.27325058,2022,5,13
183998.0,13-05-2022,VENTA,LOTE,USADO,MIRAFLORES,3.0,0,1391,2000000000.0,1437815.0,-75.5484676,6.23476123,2022,5,13
184077.0,17-05-2022,VENTA,LOTE,USADO,EL TESORO,6.0,0,2272,4600000000.0,2024648.0,-75.55515248,6.2037092,2022,5,17
184096.0,18-05-2022,VENTA,LOTE,USADO,CASTROPOL,0.0,0,1300,3000000000.0,2307692.0,-75.56507947,6.21475429,2022,5,18
184100.0,18-05-2022,VENTA,LOTE,USADO,SUBURBANO MIRADOR DEL POBLADO,0.0,0,35923,1300000000.0,36189.0,-75.55254014,6.2171158,2022,5,18
184108.0,18-05-2022,VENTA,LOTE,USADO,ALEJANDRIA,0.0,0,5000,5000000000.0,1000000.0,-75.56658833,6.20105487,2022,5,18
184140.0,18-05-2022,VENTA,LOTE,USADO,LAS ACACIAS,0.0,0,344,2300000000.0,6686047.0,-75.60072706,6.23908411,2022,5,18
184300.0,19-05-2022,VENTA,LOTE,USADO,FLORIDA NUEVA,4.0,0,147,780000000.0,5306122.0,-75.59267262,6.25054002,2022,5,19
184317.0,20-05-2022,VENTA,LOTE,USADO,LOS CONQUISTADORES,0.0,0,323,1700000000.0,5263158.0,-75.58330404,6.24015792,2022,5,20
184327.0,20-05-2022,VENTA,LOTE,USADO,LOS CONQUISTADORES,0.0,0,665,3500000000.0,5263158.0,-75.58375384,6.24423394,2022,5,20
184360.0,23-05-2022,VENTA,LOTE,USADO,BERLIN,3.0,0,150,300000000.0,2000000.0,-75.55554436,6.28723938,2022,5,23
184387.0,23-05-2022,VENTA,LOTE,USADO,PRADO,0.0,0,300,500000000.0,1666667.0,-75.55870986,6.26115614,2022,5,23
184392.0,23-05-2022,VENTA,LOTE,USADO,PRADO,0.0,0,950,6500000000.0,6842105.0,-75.56250021,6.25516067,2022,5,23
181462.0,17-01-2022,VENTA,LOCAL,USADO,SAN DIEGO,0.0,44,52,730000000.0,16590909.0,-75.56907547,6.23523416,2022,1,17
181471.0,17-01-2022,VENTA,LOCAL,NUEVO,BOMBONA # 1,0.0,20,15,370491000.0,18524550.0,-75.56146419,6.24470578,2022,1,17
181472.0,17-01-2022,VENTA,LOCAL,NUEVO,BOMBONA # 1,0.0,19,15,351966200.0,18524537.0,-75.56146419,6.24470578,2022,1,17
181473.0,17-01-2022,VENTA,LOCAL,NUEVO,BOMBONA # 1,0.0,24,19,444588800.0,18524533.0,-75.56146419,6.24470578,2022,1,17
181474.0,17-01-2022,VENTA,LOCAL,NUEVO,BOMBONA # 1,0.0,8,9,95965470.0,11995684.0,-75.56146419,6.24470578,2022,1,17
181475.0,17-01-2022,VENTA,LOCAL,NUEVO,BOMBONA # 1,0.0,24,9,180449358.0,7518723.0,-75.56146419,6.24470578,2022,1,17
181479.0,17-01-2022,VENTA,LOCAL,USADO,BOSTON,0.0,157,166,780000000.0,4968153.0,-75.55932082,6.2482818,2022,1,17
181491.0,17-01-2022,VENTA,LOCAL,USADO,LA COLINA,0.0,600,549,3200000000.0,5333333.0,-75.58905721,6.20083676,2022,1,17
181502.0,18-01-2022,VENTA,LOCAL,USADO,AEROPARQUE JUAN PABLO II,0.0,30,41,130000000.0,4333333.0,-75.58780409,6.21649344,2022,1,18
181549.0,19-01-2022,VENTA,LOCAL,USADO,LA CANDELARIA,0.0,49,22,550000000.0,11224490.0,-75.56684486,6.25131809,2022,1,19
181550.0,19-01-2022,VENTA,LOCAL,USADO,PRADO,0.0,387,172,480000000.0,1240310.0,-75.56261645,6.26161414,2022,1,19
181551.0,19-01-2022,VENTA,LOCAL,USADO,PRADO,0.0,296,131,370000000.0,1250000.0,-75.56261645,6.26161414,2022,1,19
181553.0,19-01-2022,VENTA,LOCAL,USADO,LA CANDELARIA,0.0,760,102,3040000000.0,4000000.0,-75.56618713,6.2461854,2022,1,19
181567.0,19-01-2022,VENTA,LOCAL,USADO,PRADO,0.0,103,117,900000000.0,8737864.0,-75.56297152,6.26340283,2022,1,19
181568.0,19-01-2022,VENTA,LOCAL,USADO,SURAMERICANA,0.0,177,18,650000000.0,3672316.0,-75.58021729,6.25478517,2022,1,19
181574.0,19-01-2022,VENTA,LOCAL,USADO,CARIBE,0.0,28,0,135000000.0,4821429.0,-75.57272634,6.2744024,2022,1,19
181582.0,19-01-2022,VENTA,LOCAL,USADO,EL ESTADIO,0.0,150,187,690000000.0,4600000.0,-75.59653522,6.26277028,2022,1,19
181637.0,21-01-2022,VENTA,LOCAL,USADO,LOS COLORES,0.0,273,136,850000000.0,3113553.0,-75.59486543,6.26685429,2022,1,21
181675.0,24-01-2022,VENTA,LOCAL,USADO,SAN JOAQUIN,0.0,697,336,1800000000.0,2582496.0,-75.58728033,6.2440144,2022,1,24
181716.0,25-01-2022,VENTA,LOCAL,USADO,MANRIQUE ORIENTAL,0.0,175,213,400000000.0,2285714.0,-75.5493878,6.26731113,2022,1,25
181735.0,26-01-2022,VENTA,LOCAL,USADO,LOS CONQUISTADORES,0.0,358,359,2000000000.0,5586592.0,-75.58553591,6.24324865,2022,1,26
181781.0,27-01-2022,VENTA,LOCAL,USADO,LOS COLORES,0.0,958,970,5950000000.0,6210856.0,-75.59228046,6.26556195,2022,1,27
181868.0,28-01-2022,VENTA,LOCAL,USADO,SAN JOAQUIN,0.0,120,32,500000000.0,4166667.0,-75.58487662,6.24495708,2022,1,28
181929.0,17-02-2022,VENTA,LOCAL,USADO,ROSALES,0.0,33,20,168000000.0,5090909.0,-75.59354223,6.23527029,2022,2,17
182467.0,17-03-2022,VENTA,LOCAL,USADO,KENNEDY,0.0,65,30,180000000.0,2769231.0,-75.58394637,6.28776802,2022,3,17
182584.0,23-03-2022,VENTA,LOCAL,USADO,BOSTON,0.0,33,5,130000000.0,3939394.0,-75.55926719,6.2489119,2022,3,23
182670.0,25-03-2022,VENTA,LOCAL,USADO,VILLA NUEVA,0.0,700,804,3700000000.0,5285714.0,-75.56360998,6.25166919,2022,3,25
182671.0,25-03-2022,VENTA,LOCAL,USADO,VILLA NUEVA,0.0,84,43,490000000.0,5833333.0,-75.56344413,6.25196754,2022,3,25
182680.0,25-03-2022,VENTA,LOCAL,USADO,BOLIVARIANA,0.0,555,371,2000000000.0,3603604.0,-75.59099375,6.24440848,2022,3,25
182725.0,28-03-2022,VENTA,LOCAL,USADO,LOS CONQUISTADORES,0.0,35,35,268000000.0,7657143.0,-75.58714358,6.24084934,2022,3,28
182726.0,28-03-2022,VENTA,LOCAL,USADO,LOS CONQUISTADORES,0.0,42,42,322000000.0,7666667.0,-75.58714358,6.24084934,2022,3,28
182728.0,29-03-2022,VENTA,LOCAL,USADO,LOS CONQUISTADORES,0.0,119,88,1750000000.0,14705882.0,-75.58714358,6.24084934,2022,3,29
182729.0,29-03-2022,VENTA,LOCAL,USADO,LOS CONQUISTADORES,0.0,58,57,700000000.0,12068966.0,-75.58714358,6.24084934,2022,3,29
182743.0,30-03-2022,VENTA,LOCAL,USADO,VILLA NUEVA,0.0,14,8,58000000.0,4142857.0,-75.56344413,6.25196754,2022,3,30
182875.0,05-04-2022,VENTA,LOCAL,NUEVO,EL NOGAL - LOS ALMENDROS,0.0,1050,205,3600000000.0,3428571.0,-75.59374258,6.23864702,2022,4,5
182876.0,05-04-2022,VENTA,LOCAL,USADO,ESTACION VILLA,0.0,402,146,850000000.0,2114428.0,-75.57033165,6.25387006,2022,4,5
182877.0,05-04-2022,VENTA,LOCAL,USADO,CARLOS E. RESTREPO,0.0,650,101,2990000000.0,4600000.0,-75.5844197,6.25791839,2022,4,5
182878.0,05-04-2022,VENTA,LOCAL,USADO,LA CANDELARIA,0.0,800,230,2500000000.0,3125000.0,-75.56207804,6.24971196,2022,4,5
182879.0,05-04-2022,VENTA,LOCAL,USADO,ESTACION VILLA,0.0,710,165,2500000000.0,3521127.0,-75.56707289,6.25675581,2022,4,5
182880.0,05-04-2022,VENTA,LOCAL,NUEVO,NARANJAL,0.0,600,210,2500000000.0,4166667.0,-75.58736848,6.25163719,2022,4,5
182881.0,05-04-2022,VENTA,LOCAL,NUEVO,LOS COLORES,0.0,780,187,3000000000.0,3846154.0,-75.59573647,6.2658011,2022,4,5
182886.0,05-04-2022,VENTA,LOCAL,USADO,VILLA NUEVA,0.0,8673,730,44400000000.0,5119336.0,-75.5629837,6.25126268,2022,4,5
182890.0,05-04-2022,VENTA,LOCAL,NUEVO,SAN DIEGO,0.0,4630,1251,27750000000.0,5993521.0,-75.56566302,6.22503139,2022,4,5
182906.0,06-04-2022,VENTA,LOCAL,NUEVO,LAS LOMAS # 1,0.0,5353,1876,44400000000.0,8294414.0,-75.56185835,6.21075428,2022,4,6
182907.0,06-04-2022,VENTA,LOCAL,USADO,LAURELES,0.0,4040,502,23000000000.0,5693069.0,-75.59686186,6.24567257,2022,4,6
182908.0,06-04-2022,VENTA,LOCAL,NUEVO,EL POBLADO,0.0,1810,366,25900000000.0,14309392.0,-75.56787767,6.20848143,2022,4,6
182909.0,06-04-2022,VENTA,LOCAL,USADO,LA CANDELARIA,0.0,7924,773,9000000000.0,1135790.0,-75.56711638,6.25195186,2022,4,6
182910.0,07-04-2022,VENTA,LOCAL,NUEVO,EL POBLADO,0.0,1810,360,23000000000.0,12707182.0,-75.56801661,6.20811068,2022,4,7
182911.0,07-04-2022,VENTA,LOCAL,USADO,EL ESTADIO,0.0,1239,253,8325000000.0,6719128.0,-75.59174928,6.25801738,2022,4,7
182912.0,07-04-2022,VENTA,LOCAL,USADO,EL POBLADO,0.0,53,6,1036000000.0,19547170.0,-75.56700176,6.20891571,2022,4,7
182913.0,07-04-2022,VENTA,LOCAL,USADO,PATIO BONITO,0.0,38,12,290000000.0,7631579.0,-75.57327501,6.2013434,2022,4,7
182914.0,07-04-2022,VENTA,LOCAL,USADO,PATIO BONITO,0.0,46,14,340000000.0,7391304.0,-75.57327501,6.2013434,2022,4,7
182915.0,07-04-2022,VENTA,LOCAL,NUEVO,LOS NARANJOS,0.0,122,63,1550000000.0,12704918.0,-75.55679088,6.19648993,2022,4,7
182916.0,07-04-2022,VENTA,LOCAL,NUEVO,EL POBLADO,0.0,25,279,350000000.0,14000000.0,-75.56726767,6.20901475,2022,4,7
182926.0,08-04-2022,VENTA,LOCAL,USADO,SANTA MARIA DE LOS ANGELES,0.0,67,49,950000000.0,14179104.0,-75.57710075,6.19123809,2022,4,8
182927.0,08-04-2022,VENTA,LOCAL,USADO,GIRARDOT,0.0,14,15,38000000.0,2714286.0,-75.56835261,6.2981439,2022,4,8
182928.0,08-04-2022,VENTA,LOCAL,USADO,NUEVA VILLA DE ABURRA,0.0,66,13,350000000.0,5303030.0,-75.60254842,6.23476348,2022,4,8
182930.0,08-04-2022,VENTA,LOCAL,USADO,TRINIDAD,0.0,18,6,48000000.0,2666667.0,-75.58536368,6.22495178,2022,4,8
182948.0,18-04-2022,VENTA,LOCAL,USADO,BOMBONA # 1,0.0,360,295,2300000000.0,6388889.0,-75.56339956,6.24382873,2022,4,18
182951.0,18-04-2022,VENTA,LOCAL,USADO,LA CANDELARIA,0.0,54,22,340000000.0,6296296.0,-75.56479338,6.25018304,2022,4,18
182955.0,18-04-2022,VENTA,LOCAL,USADO,LA CANDELARIA,0.0,52,22,400000000.0,7692308.0,-75.56479338,6.25018304,2022,4,18
182956.0,18-04-2022,VENTA,LOCAL,USADO,LA CANDELARIA,0.0,56,23,540000000.0,9642857.0,-75.56479338,6.25018304,2022,4,18
182959.0,18-04-2022,VENTA,LOCAL,USADO,LA CANDELARIA,0.0,54,23,430000000.0,7962963.0,-75.56479338,6.25018304,2022,4,18
182960.0,18-04-2022,VENTA,LOCAL,USADO,LA CANDELARIA,0.0,49,21,470000000.0,9591837.0,-75.56479338,6.25018304,2022,4,18
182982.0,18-04-2022,VENTA,LOCAL,USADO,ROSALES,0.0,664,220,3200000000.0,4819277.0,-75.58829943,6.23886109,2022,4,18
182983.0,19-04-2022,VENTA,LOCAL,USADO,SURAMERICANA,0.0,1250,286,6000000000.0,4800000.0,-75.58469644,6.25757613,2022,4,19
182998.0,19-04-2022,VENTA,LOCAL,USADO,LA CANDELARIA,0.0,32,13,300000000.0,9375000.0,-75.56464567,6.25046959,2022,4,19
183001.0,19-04-2022,VENTA,LOCAL,USADO,LA CANDELARIA,0.0,50,20,470000000.0,9400000.0,-75.56464792,6.25067845,2022,4,19
183004.0,19-04-2022,VENTA,LOCAL,USADO,NARANJAL,0.0,1893,246,5500000000.0,2905441.0,-75.58821938,6.25076715,2022,4,19
183010.0,19-04-2022,VENTA,LOCAL,USADO,LA CANDELARIA,0.0,414,92,1300000000.0,3140097.0,-75.5667343,6.25259059,2022,4,19
183012.0,19-04-2022,VENTA,LOCAL,USADO,LA CANDELARIA,0.0,36,10,109000000.0,3027778.0,-75.56665728,6.25188144,2022,4,19
183013.0,19-04-2022,VENTA,LOCAL,USADO,LA CANDELARIA,0.0,245,58,739000000.0,3016327.0,-75.56665728,6.25188144,2022,4,19
183014.0,19-04-2022,VENTA,LOCAL,USADO,LA CANDELARIA,0.0,34,9,102000000.0,3000000.0,-75.56665728,6.25188144,2022,4,19
183015.0,19-04-2022,VENTA,LOCAL,USADO,LA CANDELARIA,0.0,31,25,290000000.0,9354839.0,-75.56464792,6.25067845,2022,4,19
183034.0,20-04-2022,VENTA,LOCAL,USADO,SANTA MARIA DE LOS ANGELES,0.0,131,39,830000000.0,6335878.0,-75.57984579,6.18816423,2022,4,20
183040.0,20-04-2022,VENTA,LOCAL,USADO,LOS CONQUISTADORES,0.0,717,382,2800000000.0,3905160.0,-75.58500497,6.24377552,2022,4,20
183085.0,25-04-2022,VENTA,LOCAL,USADO,GERONA,0.0,240,208,540000000.0,2250000.0,-75.5605753,6.24141193,2022,4,25
183103.0,26-04-2022,VENTA,LOCAL,USADO,SAN DIEGO,0.0,194,194,780000000.0,4020619.0,-75.5688585,6.24014544,2022,4,26
183115.0,26-04-2022,VENTA,LOCAL,USADO,LAURELES,0.0,18,75,210000000.0,11666667.0,-75.59355211,6.24285296,2022,4,26
183488.0,02-05-2022,VENTA,LOCAL,NUEVO,BUENOS AIRES,0.0,64,35,280000000.0,4375000.0,-75.55726224,6.23946709,2022,5,2
183527.0,04-05-2022,VENTA,LOCAL,USADO,ROBLEDO,0.0,20,14,162000000.0,8100000.0,-75.59517869,6.27566468,2022,5,4
183531.0,04-05-2022,VENTA,LOCAL,USADO,CALLE NUEVA,0.0,1143,502,2500000000.0,2187227.0,-75.57202619,6.23979652,2022,5,4
183548.0,04-05-2022,VENTA,LOCAL,USADO,PERPETUO SOCORRO,0.0,74,62,2100000000.0,28378378.0,-75.57041613,6.22941702,2022,5,4
183550.0,04-05-2022,VENTA,LOCAL,NUEVO,SANTA MARIA DE LOS ANGELES,0.0,131,0,830000000.0,6335878.0,-75.57903554,6.1865984,2022,5,4
183551.0,04-05-2022,VENTA,LOCAL,USADO,EL POBLADO,0.0,156,0,589000000.0,3775641.0,-75.56961604,6.21108131,2022,5,4
183557.0,04-05-2022,VENTA,LOCAL,USADO,PERPETUO SOCORRO,0.0,29,49,580000000.0,20000000.0,-75.57041613,6.22941702,2022,5,4
183562.0,05-05-2022,VENTA,LOCAL,USADO,PERPETUO SOCORRO,0.0,50,34,500000000.0,10000000.0,-75.57041613,6.22941702,2022,5,5
183563.0,05-05-2022,VENTA,LOCAL,USADO,PERPETUO SOCORRO,0.0,28,23,540000000.0,19285714.0,-75.57041613,6.22941702,2022,5,5
183664.0,09-05-2022,VENTA,LOCAL,USADO,BELEN,0.0,71,87,3000000000.0,42253521.0,-75.60434102,6.23304363,2022,5,9
183824.0,11-05-2022,VENTA,LOCAL,USADO,SAN DIEGO,0.0,5,4,60000000.0,12000000.0,-75.5692452,6.23421197,2022,5,11
183829.0,11-05-2022,VENTA,LOCAL,NUEVO,LOS ALCAZARES,0.0,70,61,170000000.0,2428571.0,-75.60684579,6.26004606,2022,5,11
184091.0,17-05-2022,VENTA,LOCAL,USADO,LOS CONQUISTADORES,0.0,70,19,310000000.0,4428571.0,-75.58359917,6.24413373,2022,5,17
184101.0,18-05-2022,VENTA,LOCAL,USADO,LOS CONQUISTADORES,0.0,180,196,800000000.0,4444444.0,-75.58460965,6.23962589,2022,5,18
184134.0,18-05-2022,VENTA,LOCAL,USADO,LA CANDELARIA,0.0,91,26,900000000.0,9890110.0,-75.56340803,6.24961449,2022,5,18
184198.0,18-05-2022,VENTA,LOCAL,USADO,SIMON BOLIVAR,0.0,520,230,2250000000.0,4326923.0,-75.60292595,6.24470933,2022,5,18
184209.0,18-05-2022,VENTA,LOCAL,USADO,NUEVA VILLA DE ABURRA,0.0,95,39,268000000.0,2821053.0,-75.60254842,6.23476348,2022,5,18
184211.0,18-05-2022,VENTA,LOCAL,USADO,NUEVA VILLA DE ABURRA,0.0,151,65,426000000.0,2821192.0,-75.60254842,6.23476348,2022,5,18
184213.0,18-05-2022,VENTA,LOCAL,USADO,NUEVA VILLA DE ABURRA,0.0,73,41,206000000.0,2821918.0,-75.60254842,6.23476348,2022,5,18
184236.0,19-05-2022,VENTA,LOCAL,USADO,NUEVA VILLA DE ABURRA,0.0,151,65,460000000.0,3046358.0,-75.60254842,6.23476348,2022,5,19
184281.0,19-05-2022,VENTA,LOCAL,USADO,LOS BALSOS # 2,0.0,139,79,2490000000.0,17913669.0,-75.57382776,6.19645049,2022,5,19
184294.0,19-05-2022,VENTA,LOCAL,USADO,LOS CONQUISTADORES,0.0,187,73,3092000000.0,16534759.0,-75.58714358,6.24084934,2022,5,19
184333.0,20-05-2022,VENTA,LOCAL,USADO,PERPETUO SOCORRO,0.0,80,78,2400000000.0,30000000.0,-75.57041613,6.22941702,2022,5,20
184334.0,20-05-2022,VENTA,LOCAL,USADO,PERPETUO SOCORRO,0.0,70,68,1400000000.0,20000000.0,-75.57041613,6.22941702,2022,5,20
184335.0,20-05-2022,VENTA,LOCAL,USADO,PERPETUO SOCORRO,0.0,68,66,1380000000.0,20294118.0,-75.57041613,6.22941702,2022,5,20
184382.0,23-05-2022,VENTA,LOCAL,USADO,MANRIQUE CENTRAL # 2,0.0,574,342,1980000000.0,3449477.0,-75.55508554,6.26480827,2022,5,23
184391.0,23-05-2022,VENTA,LOCAL,USADO,LA CANDELARIA,0.0,40,13,435000000.0,10875000.0,-75.56618713,6.2461854,2022,5,23
184518.0,25-05-2022,VENTA,LOCAL,USADO,LOS BALSOS # 2,0.0,204,45,4300000000.0,21078431.0,-75.57382776,6.19645049,2022,5,25
184521.0,25-05-2022,VENTA,LOCAL,USADO,LOS BALSOS # 2,0.0,50,31,1200000000.0,24000000.0,-75.57382776,6.19645049,2022,5,25
184526.0,25-05-2022,VENTA,LOCAL,NUEVO,NARANJAL,0.0,720,177,4858979000.0,6748582.0,-75.5867324,6.25134142,2022,5,25
184528.0,26-05-2022,VENTA,LOCAL,USADO,FLORIDA NUEVA,0.0,800,46,4327400000.0,5409250.0,-75.58949176,6.24957549,2022,5,26
184536.0,26-05-2022,VENTA,LOCAL,USADO,EL ESTADIO,0.0,756,247,6255060000.0,8273889.0,-75.59188799,6.25867919,2022,5,26
184539.0,26-05-2022,VENTA,LOCAL,USADO,NARANJAL,0.0,1600,54,8174852000.0,5109282.0,-75.58738614,6.25294067,2022,5,26
182184.0,14-03-2022,VENTA,PARQUEADERO,USADO,SAN LUCAS,0.0,74,60,121500000.0,1641892.0,-75.56965748,6.18509307,2022,3,14
182937.0,08-04-2022,VENTA,PARQUEADERO,USADO,LAS LOMAS # 1,0.0,13,2,60000000.0,4615385.0,-75.55949968,6.20869243,2022,4,8
183505.0,02-05-2022,VENTA,PARQUEADERO,USADO,LOMA DE LOS BERNAL,0.0,12,5,35000000.0,2916667.0,-75.60793471,6.21944481,2022,5,2
183945.0,13-05-2022,VENTA,PARQUEADERO,NUEVO,EL DANUBIO,0.0,12,1,30000000.0,2500000.0,-75.609783,6.25339546,2022,5,13
184332.0,20-05-2022,VENTA,PARQUEADERO,USADO,LOS CONQUISTADORES,0.0,11,3,18000000.0,1636364.0,-75.57926532,6.24007225,2022,5,20
